Symbol,Date,Open,High,Low,Close,Volume
AURUM,2015-08-19 00:00:00+05:30,229.95,241.45,221.95,241.45,327238
AURUM,2015-08-20 00:00:00+05:30,253.5,253.5,253.5,253.5,62794
AURUM,2015-08-21 00:00:00+05:30,256.85,264.05,240.8,258.1,580184
AURUM,2015-08-24 00:00:00+05:30,245.2,245.2,245.2,245.2,10689
AURUM,2015-08-25 00:00:00+05:30,232.95,232.95,232.95,232.95,3698
AURUM,2015-08-26 00:00:00+05:30,221.3,221.3,221.3,221.3,22986
AURUM,2015-08-27 00:00:00+05:30,219.0,232.35,210.25,229.0,253706
AURUM,2015-08-28 00:00:00+05:30,227.05,234.8,220.5,222.85,101412
AURUM,2015-08-31 00:00:00+05:30,222.65,225.35,212.6,219.3,47251
AURUM,2015-09-01 00:00:00+05:30,215.4,230.2,213.95,229.0,144467
AURUM,2015-09-02 00:00:00+05:30,235.7,253.05,230.65,245.85,898188
AURUM,2015-09-03 00:00:00+05:30,246.9,252.15,233.8,237.8,226624
AURUM,2015-09-04 00:00:00+05:30,237.2,240.05,222.1,225.65,181800
AURUM,2015-09-07 00:00:00+05:30,229.2,232.7,215.55,220.9,124895
AURUM,2015-09-08 00:00:00+05:30,218.3,228.45,209.8,219.2,120461
AURUM,2015-09-09 00:00:00+05:30,221.2,228.1,218.75,220.55,93029
AURUM,2015-09-10 00:00:00+05:30,218.3,223.3,208.7,220.75,52752
AURUM,2015-09-11 00:00:00+05:30,223.4,230.65,221.75,227.55,114590
AURUM,2015-09-14 00:00:00+05:30,229.85,231.4,224.35,225.6,78920
AURUM,2015-09-15 00:00:00+05:30,228.5,230.9,223.3,223.95,34756
AURUM,2015-09-16 00:00:00+05:30,226.3,227.05,219.0,219.1,42857
AURUM,2015-09-18 00:00:00+05:30,220.5,225.7,219.4,221.0,35780
AURUM,2015-09-21 00:00:00+05:30,222.6,244.4,222.6,242.0,230453
AURUM,2015-09-22 00:00:00+05:30,242.25,248.0,227.5,232.15,118036
AURUM,2015-09-23 00:00:00+05:30,227.05,236.35,226.6,228.2,77027
AURUM,2015-09-24 00:00:00+05:30,230.5,235.85,219.75,230.35,64373
AURUM,2015-09-28 00:00:00+05:30,234.6,234.6,225.95,227.35,37571
AURUM,2015-09-29 00:00:00+05:30,226.9,230.6,223.15,225.95,50284
AURUM,2015-09-30 00:00:00+05:30,229.5,229.5,222.65,225.3,30691
AURUM,2015-10-01 00:00:00+05:30,229.2,229.2,223.5,225.25,29725
AURUM,2015-10-05 00:00:00+05:30,227.05,237.75,218.35,233.85,85659
AURUM,2015-10-06 00:00:00+05:30,232.85,236.85,231.4,235.15,58201
AURUM,2015-10-07 00:00:00+05:30,236.65,236.65,232.25,234.85,112489
AURUM,2015-10-08 00:00:00+05:30,234.3,247.7,234.3,245.6,214268
AURUM,2015-10-09 00:00:00+05:30,248.7,266.3,245.2,255.95,334215
AURUM,2015-10-12 00:00:00+05:30,259.35,259.35,243.05,244.1,121841
AURUM,2015-10-13 00:00:00+05:30,240.2,249.6,235.75,245.8,85524
AURUM,2015-10-14 00:00:00+05:30,248.8,253.2,243.05,247.9,71601
AURUM,2015-10-15 00:00:00+05:30,243.9,254.55,243.9,248.95,178701
AURUM,2015-10-16 00:00:00+05:30,249.15,252.5,240.1,241.3,53532
AURUM,2015-10-19 00:00:00+05:30,240.15,247.05,237.2,241.1,40896
AURUM,2015-10-20 00:00:00+05:30,243.7,246.65,235.05,238.1,46652
AURUM,2015-10-21 00:00:00+05:30,237.2,243.05,235.6,238.1,16101
AURUM,2015-10-23 00:00:00+05:30,244.4,260.4,240.85,255.9,238352
AURUM,2015-10-26 00:00:00+05:30,259.75,260.15,252.5,254.85,107621
AURUM,2015-10-27 00:00:00+05:30,257.15,257.15,248.95,254.55,56610
AURUM,2015-10-28 00:00:00+05:30,248.2,257.0,248.2,252.0,37571
AURUM,2015-10-29 00:00:00+05:30,255.25,279.4,255.0,268.05,369029
AURUM,2015-10-30 00:00:00+05:30,266.3,272.85,261.4,266.7,243149
AURUM,2015-11-02 00:00:00+05:30,265.6,274.3,257.0,269.35,140709
AURUM,2015-11-03 00:00:00+05:30,269.25,283.05,265.8,268.55,146779
AURUM,2015-11-04 00:00:00+05:30,272.55,289.6,268.95,286.8,490016
AURUM,2015-11-05 00:00:00+05:30,286.8,305.65,273.25,296.9,817935
AURUM,2015-11-06 00:00:00+05:30,296.9,304.65,280.35,283.8,152140
AURUM,2015-11-09 00:00:00+05:30,277.25,315.2,276.6,312.1,375191
AURUM,2015-11-10 00:00:00+05:30,307.05,312.8,298.35,300.95,107098
AURUM,2015-11-11 00:00:00+05:30,303.3,311.45,300.55,308.4,52344
AURUM,2015-11-13 00:00:00+05:30,310.0,370.1,304.0,370.1,905389
AURUM,2015-11-16 00:00:00+05:30,368.9,370.0,336.75,350.85,561948
AURUM,2015-11-17 00:00:00+05:30,353.65,361.85,345.8,353.95,274213
AURUM,2015-11-18 00:00:00+05:30,354.6,406.75,354.35,380.4,1483537
AURUM,2015-11-19 00:00:00+05:30,383.45,397.1,369.85,375.3,501034
AURUM,2015-11-20 00:00:00+05:30,379.05,400.05,370.8,384.9,478060
AURUM,2015-11-23 00:00:00+05:30,391.2,426.9,386.7,418.45,939514
AURUM,2015-11-24 00:00:00+05:30,419.6,481.65,416.2,474.4,2505444
AURUM,2015-11-26 00:00:00+05:30,478.8,505.3,453.7,480.95,1601081
AURUM,2015-11-27 00:00:00+05:30,483.15,502.8,463.5,493.15,1310712
AURUM,2015-11-30 00:00:00+05:30,494.8,514.15,486.65,507.85,1016152
AURUM,2015-12-01 00:00:00+05:30,509.35,515.75,499.4,505.3,535742
AURUM,2015-12-02 00:00:00+05:30,504.85,506.45,483.15,487.3,376377
AURUM,2015-12-03 00:00:00+05:30,484.6,491.5,470.8,474.15,267831
AURUM,2015-12-04 00:00:00+05:30,466.8,496.25,466.4,479.3,565113
AURUM,2015-12-07 00:00:00+05:30,483.15,490.45,472.95,478.35,255856
AURUM,2015-12-08 00:00:00+05:30,475.15,486.85,451.15,455.15,266932
AURUM,2015-12-09 00:00:00+05:30,458.4,459.1,411.5,421.1,376219
AURUM,2015-12-10 00:00:00+05:30,425.5,438.75,409.3,434.2,471955
AURUM,2015-12-11 00:00:00+05:30,437.05,443.5,422.25,426.45,313568
AURUM,2015-12-14 00:00:00+05:30,424.4,425.8,394.0,416.8,245136
AURUM,2015-12-15 00:00:00+05:30,418.25,458.45,413.3,451.7,840297
AURUM,2015-12-16 00:00:00+05:30,454.8,472.4,454.8,458.3,658074
AURUM,2015-12-17 00:00:00+05:30,464.25,481.65,463.5,475.55,565214
AURUM,2015-12-18 00:00:00+05:30,472.95,480.15,465.75,475.95,398303
AURUM,2015-12-21 00:00:00+05:30,476.55,486.8,469.4,476.0,390031
AURUM,2015-12-22 00:00:00+05:30,478.05,479.6,466.4,468.95,141708
AURUM,2015-12-23 00:00:00+05:30,472.75,479.5,463.2,466.55,143441
AURUM,2015-12-24 00:00:00+05:30,468.4,479.5,462.05,464.65,206731
AURUM,2015-12-28 00:00:00+05:30,464.65,472.25,462.15,464.9,161410
AURUM,2015-12-29 00:00:00+05:30,467.65,484.55,465.35,474.15,355735
AURUM,2015-12-30 00:00:00+05:30,476.75,480.25,467.1,469.8,130443
AURUM,2015-12-31 00:00:00+05:30,470.8,473.9,465.75,468.2,92824
AURUM,2015-12-31 09:15:00+05:30,470.8,473.9,465.75,468.2,92824
AURUM,2016-01-01 09:15:00+05:30,470.8,536.05,468.7,528.15,2002926
AURUM,2016-01-04 09:15:00+05:30,528.25,548.55,518.9,523.65,898985
AURUM,2016-01-05 09:15:00+05:30,527.9,560.0,521.95,552.3,1118485
AURUM,2016-01-06 09:15:00+05:30,555.5,568.85,544.5,550.35,582519
AURUM,2016-01-07 09:15:00+05:30,541.35,541.35,499.4,519.15,346350
AURUM,2016-01-08 09:15:00+05:30,526.8,545.0,524.8,537.9,300273
AURUM,2016-01-11 09:15:00+05:30,531.2,560.15,522.4,551.75,406062
AURUM,2016-01-12 09:15:00+05:30,554.25,574.1,544.0,548.45,561382
AURUM,2016-01-13 09:15:00+05:30,554.45,561.45,477.5,511.1,893495
AURUM,2016-01-14 09:15:00+05:30,480.3,513.55,480.3,488.0,541128
AURUM,2016-01-15 09:15:00+05:30,499.15,506.95,443.0,454.8,442001
AURUM,2016-01-18 09:15:00+05:30,454.8,460.5,401.75,408.7,383129
AURUM,2016-01-19 09:15:00+05:30,414.05,430.05,386.4,424.6,534813
AURUM,2016-01-20 09:15:00+05:30,416.2,416.2,386.75,399.05,446322
AURUM,2016-01-21 09:15:00+05:30,405.1,412.95,387.25,399.9,367751
AURUM,2016-01-22 09:15:00+05:30,407.55,431.1,403.4,421.9,431121
AURUM,2016-01-25 09:15:00+05:30,426.4,433.8,419.35,426.35,219220
AURUM,2016-01-27 09:15:00+05:30,431.5,449.45,405.1,441.7,566209
AURUM,2016-01-28 09:15:00+05:30,442.95,451.85,431.7,435.8,276409
AURUM,2016-01-29 09:15:00+05:30,439.85,448.95,430.05,440.5,236870
AURUM,2016-02-01 09:15:00+05:30,444.25,446.4,428.3,434.45,154487
AURUM,2016-02-02 09:15:00+05:30,437.3,437.3,406.05,414.3,257894
AURUM,2016-02-03 09:15:00+05:30,419.4,425.65,393.65,399.35,432883
AURUM,2016-02-04 09:15:00+05:30,403.85,414.05,382.95,388.7,193795
AURUM,2016-02-05 09:15:00+05:30,391.1,414.05,388.55,409.45,243633
AURUM,2016-02-08 09:15:00+05:30,410.9,417.45,398.15,403.75,132826
AURUM,2016-02-09 09:15:00+05:30,392.9,400.95,389.3,396.5,78945
AURUM,2016-02-10 09:15:00+05:30,396.5,400.05,382.0,385.05,100292
AURUM,2016-02-11 09:15:00+05:30,383.45,384.0,345.65,348.9,191239
AURUM,2016-02-12 09:15:00+05:30,353.4,353.4,327.6,344.05,162730
AURUM,2016-02-15 09:15:00+05:30,352.2,382.75,352.2,364.45,290152
AURUM,2016-02-16 09:15:00+05:30,368.2,373.65,355.5,361.1,155859
AURUM,2016-02-17 09:15:00+05:30,360.35,363.7,337.8,353.55,137050
AURUM,2016-02-18 09:15:00+05:30,359.95,373.15,347.45,354.05,108175
AURUM,2016-02-19 09:15:00+05:30,345.65,354.9,342.0,347.3,75487
AURUM,2016-02-22 09:15:00+05:30,351.25,360.2,346.35,348.6,103713
AURUM,2016-02-23 09:15:00+05:30,350.7,351.25,339.1,344.65,78186
AURUM,2016-02-24 09:15:00+05:30,344.2,345.8,325.8,327.8,115591
AURUM,2016-02-25 09:15:00+05:30,330.3,340.4,311.45,334.1,120153
AURUM,2016-02-26 09:15:00+05:30,339.8,345.4,325.25,331.5,121389
AURUM,2016-02-29 09:15:00+05:30,327.5,336.15,320.15,330.4,176216
AURUM,2016-03-01 09:15:00+05:30,335.7,365.55,330.0,358.25,274692
AURUM,2016-03-02 09:15:00+05:30,364.9,384.0,364.75,367.7,269772
AURUM,2016-03-03 09:15:00+05:30,371.0,384.9,361.5,381.75,202790
AURUM,2016-03-04 09:15:00+05:30,376.95,411.8,369.05,406.65,441823
AURUM,2016-03-08 09:15:00+05:30,406.75,410.6,390.8,396.25,135124
AURUM,2016-03-09 09:15:00+05:30,392.95,407.5,387.1,403.35,125870
AURUM,2016-03-10 09:15:00+05:30,407.05,417.65,401.7,407.6,173795
AURUM,2016-03-11 09:15:00+05:30,407.45,414.75,393.0,400.7,106215
AURUM,2016-03-14 09:15:00+05:30,404.45,438.05,402.0,432.6,717696
AURUM,2016-03-15 09:15:00+05:30,427.3,442.2,419.85,424.2,380385
AURUM,2016-03-16 09:15:00+05:30,425.65,427.85,407.55,416.1,125978
AURUM,2016-03-17 09:15:00+05:30,420.15,427.85,411.5,413.65,108766
AURUM,2016-03-18 09:15:00+05:30,416.2,420.6,407.65,411.65,82223
AURUM,2016-03-21 09:15:00+05:30,409.65,427.2,409.65,421.65,134361
AURUM,2016-03-22 09:15:00+05:30,422.75,437.3,419.85,424.6,215594
AURUM,2016-03-23 09:15:00+05:30,422.75,423.5,412.7,415.8,111769
AURUM,2016-03-28 09:15:00+05:30,417.6,423.5,396.75,399.75,164704
AURUM,2016-03-29 09:15:00+05:30,397.65,405.75,390.75,396.15,133758
AURUM,2016-03-30 09:15:00+05:30,401.65,411.75,400.4,405.05,338033
AURUM,2016-03-31 09:15:00+05:30,407.45,430.75,405.3,413.65,485450
AURUM,2016-04-01 09:15:00+05:30,413.65,417.95,405.1,407.5,217443
AURUM,2016-04-04 09:15:00+05:30,411.5,417.45,407.55,410.05,95217
AURUM,2016-04-05 09:15:00+05:30,409.3,411.1,397.3,400.65,148539
AURUM,2016-04-06 09:15:00+05:30,404.05,430.75,395.35,425.65,534417
AURUM,2016-04-07 09:15:00+05:30,429.3,440.2,427.35,431.0,364255
AURUM,2016-04-08 09:15:00+05:30,431.0,454.7,427.8,448.35,585450
AURUM,2016-04-11 09:15:00+05:30,449.7,452.75,433.7,447.85,322931
AURUM,2016-04-12 09:15:00+05:30,447.5,461.35,446.6,450.15,252686
AURUM,2016-04-13 09:15:00+05:30,455.5,460.55,446.85,449.2,151189
AURUM,2016-04-18 09:15:00+05:30,447.85,455.8,440.25,449.7,177518
AURUM,2016-04-20 09:15:00+05:30,453.15,456.25,444.75,446.65,139964
AURUM,2016-04-21 09:15:00+05:30,450.7,472.45,446.75,452.65,752819
AURUM,2016-04-22 09:15:00+05:30,452.6,456.6,445.4,447.25,132394
AURUM,2016-04-25 09:15:00+05:30,448.15,455.5,430.75,433.35,206866
AURUM,2016-04-26 09:15:00+05:30,433.55,443.8,431.55,435.55,114971
AURUM,2016-04-27 09:15:00+05:30,436.6,440.25,430.75,433.35,101848
AURUM,2016-04-28 09:15:00+05:30,434.2,441.7,417.5,419.8,204925
AURUM,2016-04-29 09:15:00+05:30,421.95,425.65,413.3,416.4,108285
AURUM,2016-05-02 09:15:00+05:30,409.2,418.3,407.5,408.95,105657
AURUM,2016-05-03 09:15:00+05:30,410.3,430.05,409.65,411.5,358055
AURUM,2016-05-04 09:15:00+05:30,409.65,414.75,400.55,402.75,102639
AURUM,2016-05-05 09:15:00+05:30,404.35,408.65,401.65,402.9,87761
AURUM,2016-05-06 09:15:00+05:30,401.45,406.3,395.5,396.55,104588
AURUM,2016-05-09 09:15:00+05:30,399.5,404.5,397.1,402.05,121040
AURUM,2016-05-10 09:15:00+05:30,403.1,413.1,398.75,408.2,136969
AURUM,2016-05-11 09:15:00+05:30,396.55,427.0,391.45,416.3,374912
AURUM,2016-05-12 09:15:00+05:30,418.3,436.5,415.25,429.8,462448
AURUM,2016-05-13 09:15:00+05:30,424.65,433.95,423.65,428.6,169447
AURUM,2016-05-16 09:15:00+05:30,431.1,433.55,419.5,423.6,135460
AURUM,2016-05-17 09:15:00+05:30,425.65,438.0,422.2,428.45,234557
AURUM,2016-05-18 09:15:00+05:30,425.65,434.1,423.8,426.5,150840
AURUM,2016-05-19 09:15:00+05:30,429.3,432.95,411.1,412.3,169889
AURUM,2016-05-20 09:15:00+05:30,414.7,414.7,403.1,404.85,89534
AURUM,2016-05-23 09:15:00+05:30,410.1,410.1,393.15,395.3,86710
AURUM,2016-05-24 09:15:00+05:30,398.3,411.75,393.0,408.3,100622
AURUM,2016-05-25 09:15:00+05:30,413.8,420.2,409.1,415.05,124551
AURUM,2016-05-26 09:15:00+05:30,418.05,418.05,404.55,410.1,52388
AURUM,2016-05-27 09:15:00+05:30,411.85,416.85,404.55,407.65,87835
AURUM,2016-05-30 09:15:00+05:30,409.5,421.15,407.9,410.7,96808
AURUM,2016-05-31 09:15:00+05:30,413.65,418.25,411.1,413.25,48995
AURUM,2016-06-01 09:15:00+05:30,413.9,421.2,411.1,411.25,100968
AURUM,2016-06-02 09:15:00+05:30,411.7,411.7,400.65,407.9,76554
AURUM,2016-06-03 09:15:00+05:30,411.1,418.4,401.2,402.85,388479
AURUM,2016-06-06 09:15:00+05:30,406.5,406.95,394.4,396.75,81846
AURUM,2016-06-07 09:15:00+05:30,398.05,404.1,394.0,395.35,79265
AURUM,2016-06-08 09:15:00+05:30,399.05,401.65,394.0,396.15,63492
AURUM,2016-06-09 09:15:00+05:30,398.3,399.7,394.25,395.65,40384
AURUM,2016-06-10 09:16:00+05:30,395.05,416.2,394.25,403.6,245159
AURUM,2016-06-13 09:15:00+05:30,397.35,402.35,394.75,396.4,82324
AURUM,2016-06-14 09:15:00+05:30,396.0,406.05,396.0,397.55,67534
AURUM,2016-06-15 09:15:00+05:30,399.1,405.65,397.3,398.95,48777
AURUM,2016-06-16 09:15:00+05:30,400.2,400.2,386.4,388.65,96095
AURUM,2016-06-17 09:15:00+05:30,389.35,398.7,389.35,391.7,84817
AURUM,2016-06-20 09:15:00+05:30,387.9,394.95,387.9,391.3,50997
AURUM,2016-06-21 09:15:00+05:30,390.75,406.6,390.75,395.05,161028
AURUM,2016-06-22 09:15:00+05:30,399.0,406.75,393.75,396.95,124562
AURUM,2016-06-23 09:15:00+05:30,397.3,402.5,395.15,396.8,50283
AURUM,2016-06-24 09:15:00+05:30,394.4,394.4,372.9,383.05,76849
AURUM,2016-06-27 09:15:00+05:30,385.65,389.3,379.8,381.25,51456
AURUM,2016-06-28 09:15:00+05:30,384.15,395.75,379.2,383.2,114097
AURUM,2016-06-29 09:15:00+05:30,383.5,389.9,382.25,385.3,60202
AURUM,2016-06-30 09:15:00+05:30,395.1,406.65,388.55,391.8,339102
AURUM,2016-07-01 09:15:00+05:30,393.45,399.25,390.0,391.45,63355
AURUM,2016-07-04 09:15:00+05:30,390.8,397.3,390.8,392.7,50984
AURUM,2016-07-05 09:15:00+05:30,394.4,394.4,381.45,384.95,60749
AURUM,2016-07-07 09:15:00+05:30,385.5,392.05,383.05,384.3,40043
AURUM,2016-07-08 09:15:00+05:30,386.0,386.25,379.25,380.85,39745
AURUM,2016-07-11 09:15:00+05:30,388.55,390.75,381.65,382.5,74374
AURUM,2016-07-12 09:15:00+05:30,384.5,388.55,375.8,377.7,74556
AURUM,2016-07-13 09:15:00+05:30,377.65,380.55,373.3,375.8,47654
AURUM,2016-07-14 09:15:00+05:30,376.2,380.1,372.75,375.7,52986
AURUM,2016-07-15 09:15:00+05:30,379.05,379.05,356.9,368.15,61860
AURUM,2016-07-18 09:15:00+05:30,369.55,373.7,362.35,364.3,39885
AURUM,2016-07-19 09:15:00+05:30,365.8,365.8,356.55,358.05,61387
AURUM,2016-07-20 09:15:00+05:30,358.75,360.2,353.65,354.85,66873
AURUM,2016-07-21 09:15:00+05:30,354.85,355.8,346.45,347.75,52691
AURUM,2016-07-22 09:15:00+05:30,347.1,352.9,345.65,349.45,51073
AURUM,2016-07-25 09:17:00+05:30,351.45,419.35,347.3,411.25,1038385
AURUM,2016-07-26 09:15:00+05:30,413.25,415.95,389.3,393.0,282274
AURUM,2016-07-27 09:15:00+05:30,394.65,413.3,393.65,396.4,275883
AURUM,2016-07-28 09:15:00+05:30,399.25,402.95,390.0,396.8,83825
AURUM,2016-07-29 09:15:00+05:30,398.65,405.3,390.95,393.65,107933
AURUM,2016-08-01 09:15:00+05:30,396.35,400.0,387.1,390.55,84442
AURUM,2016-08-02 09:15:00+05:30,390.1,392.15,374.8,376.0,86100
AURUM,2016-08-03 09:15:00+05:30,374.75,375.7,356.6,363.3,131530
AURUM,2016-08-04 09:15:00+05:30,365.3,365.3,353.8,356.45,86082
AURUM,2016-08-05 09:15:00+05:30,360.2,376.2,359.45,367.1,116947
AURUM,2016-08-08 09:15:00+05:30,371.1,384.9,364.55,381.35,186900
AURUM,2016-08-09 09:15:00+05:30,382.0,386.65,367.7,370.9,115035
AURUM,2016-08-10 09:15:00+05:30,374.0,376.9,352.25,363.2,315606
AURUM,2016-08-11 09:15:00+05:30,367.95,368.9,355.1,358.85,83941
AURUM,2016-08-12 09:15:00+05:30,362.5,366.7,352.2,354.45,49176
AURUM,2016-08-16 09:15:00+05:30,353.65,359.05,349.25,350.85,83702
AURUM,2016-08-17 09:15:00+05:30,355.8,357.05,348.35,351.65,69446
AURUM,2016-08-18 09:15:00+05:30,355.1,385.5,351.85,370.1,524275
AURUM,2016-08-19 09:15:00+05:30,373.05,376.7,360.35,363.5,91448
AURUM,2016-08-22 09:15:00+05:30,362.9,365.2,355.55,357.25,55571
AURUM,2016-08-23 09:15:00+05:30,361.5,361.5,352.55,353.7,52255
AURUM,2016-08-24 09:15:00+05:30,358.75,395.6,358.75,377.75,1378231
AURUM,2016-08-25 09:15:00+05:30,378.5,383.4,365.4,367.0,198367
AURUM,2016-08-26 09:15:00+05:30,369.65,382.75,366.2,371.7,243047
AURUM,2016-08-29 09:15:00+05:30,374.6,374.6,364.55,366.6,83150
AURUM,2016-08-30 09:15:00+05:30,367.55,369.45,355.9,357.65,141726
AURUM,2016-08-31 09:15:00+05:30,359.45,360.2,350.45,351.7,120876
AURUM,2016-09-01 09:15:00+05:30,354.35,360.2,347.8,350.05,110767
AURUM,2016-09-02 09:15:00+05:30,354.0,362.35,350.0,353.9,166653
AURUM,2016-09-06 09:15:00+05:30,356.6,360.1,352.2,353.5,69484
AURUM,2016-09-07 09:15:00+05:30,356.1,360.2,351.1,354.4,79275
AURUM,2016-09-08 09:15:00+05:30,355.1,359.45,352.2,353.55,84566
AURUM,2016-09-09 09:15:00+05:30,353.65,360.55,353.25,354.6,101196
AURUM,2016-09-12 09:15:00+05:30,348.4,352.5,345.65,346.3,54352
AURUM,2016-09-14 09:15:00+05:30,346.7,353.95,345.65,348.4,52548
AURUM,2016-09-15 09:15:00+05:30,347.15,352.85,346.3,347.45,42835
AURUM,2016-09-16 09:15:00+05:30,350.7,353.25,345.7,347.4,72185
AURUM,2016-09-19 09:15:00+05:30,348.55,350.6,341.9,342.7,59452
AURUM,2016-09-20 09:15:00+05:30,343.8,344.85,336.15,337.45,64373
AURUM,2016-09-21 09:15:00+05:30,340.05,344.9,325.35,326.95,151489
AURUM,2016-09-22 09:15:00+05:30,336.15,341.85,331.1,339.8,176337
AURUM,2016-09-23 09:15:00+05:30,348.55,355.1,345.65,349.0,318396
AURUM,2016-09-26 09:15:00+05:30,349.1,352.55,341.1,343.8,61817
AURUM,2016-09-27 09:15:00+05:30,345.1,347.8,339.9,340.95,40463
AURUM,2016-09-28 09:15:00+05:30,341.6,346.25,338.35,340.85,51081
AURUM,2016-09-29 09:15:00+05:30,343.25,347.0,292.2,314.05,135319
AURUM,2016-09-30 09:15:00+05:30,326.7,334.7,319.45,330.95,118677
AURUM,2016-10-03 09:15:00+05:30,332.6,344.1,325.8,339.9,96467
AURUM,2016-10-04 09:15:00+05:30,341.1,360.2,341.1,353.7,684363
AURUM,2016-10-05 09:15:00+05:30,355.8,355.8,343.45,346.95,89783
AURUM,2016-10-06 09:15:00+05:30,345.65,349.95,335.45,337.25,67521
AURUM,2016-10-07 09:15:00+05:30,337.6,341.3,331.1,336.95,54837
AURUM,2016-10-10 09:15:00+05:30,338.2,342.0,334.55,335.95,41523
AURUM,2016-10-13 09:15:00+05:30,340.1,340.55,323.85,325.35,89516
AURUM,2016-10-14 09:15:00+05:30,329.05,329.6,317.0,319.45,91990
AURUM,2016-10-17 09:15:00+05:30,323.2,323.2,316.55,317.7,48249
AURUM,2016-10-18 09:16:00+05:30,320.0,337.65,317.05,330.75,230648
AURUM,2016-10-19 09:15:00+05:30,333.2,335.25,318.85,320.35,99319
AURUM,2016-10-20 09:15:00+05:30,319.45,327.05,315.05,317.0,106595
AURUM,2016-10-21 09:15:00+05:30,319.2,320.1,316.0,317.8,50761
AURUM,2016-10-24 09:15:00+05:30,320.85,332.55,317.65,327.75,131357
AURUM,2016-10-25 09:15:00+05:30,328.75,328.75,320.8,322.85,43620
AURUM,2016-10-26 09:15:00+05:30,323.05,323.05,310.7,312.2,153785
AURUM,2016-10-27 09:15:00+05:30,313.6,323.8,313.6,318.0,79155
AURUM,2016-10-28 09:15:00+05:30,320.15,320.2,315.45,317.0,83669
AURUM,2016-11-01 09:15:00+05:30,323.8,327.45,312.9,314.2,125333
AURUM,2016-11-02 09:15:00+05:30,325.9,333.15,317.9,320.1,793122
AURUM,2016-11-03 09:15:00+05:30,321.55,322.3,308.25,310.5,90888
AURUM,2016-11-04 09:15:00+05:30,312.9,314.35,298.35,304.1,93579
AURUM,2016-11-07 09:15:00+05:30,310.0,310.7,301.95,303.85,52341
AURUM,2016-11-08 09:15:00+05:30,304.25,307.75,299.2,300.2,44830
AURUM,2016-11-09 09:15:00+05:30,283.8,296.1,240.85,287.65,97873
AURUM,2016-11-10 09:15:00+05:30,291.8,304.65,291.75,302.65,73774
AURUM,2016-11-11 09:15:00+05:30,298.35,299.8,288.6,294.25,63618
AURUM,2016-11-15 09:15:00+05:30,286.85,294.55,277.25,279.6,58930
AURUM,2016-11-16 09:15:00+05:30,284.35,288.9,271.8,274.8,55950
AURUM,2016-11-17 09:16:00+05:30,277.8,277.8,258.3,259.55,95900
AURUM,2016-11-18 09:15:00+05:30,261.95,267.0,255.55,262.05,69957
AURUM,2016-11-21 09:16:00+05:30,262.1,263.4,252.85,257.1,49462
AURUM,2016-11-22 09:15:00+05:30,259.8,264.15,254.75,258.5,47538
AURUM,2016-11-23 09:15:00+05:30,261.9,269.8,256.8,266.5,85620
AURUM,2016-11-24 09:15:00+05:30,266.3,272.15,260.55,269.0,56625
AURUM,2016-11-25 09:15:00+05:30,270.15,287.8,270.15,284.35,134526
AURUM,2016-11-28 09:15:00+05:30,284.4,299.7,283.9,291.25,111442
AURUM,2016-11-29 09:15:00+05:30,292.2,298.25,287.4,288.9,53958
AURUM,2016-11-30 09:16:00+05:30,287.55,296.65,287.55,289.75,39242
AURUM,2016-12-01 09:15:00+05:30,294.25,296.15,285.95,287.45,38479
AURUM,2016-12-02 09:15:00+05:30,286.2,288.9,283.7,285.15,25220
AURUM,2016-12-05 09:15:00+05:30,285.15,290.25,281.65,287.15,31952
AURUM,2016-12-06 09:16:00+05:30,286.3,289.6,279.2,282.55,32062
AURUM,2016-12-07 09:16:00+05:30,282.05,285.7,274.3,279.25,34289
AURUM,2016-12-08 09:15:00+05:30,285.9,286.5,278.8,283.4,36471
AURUM,2016-12-09 09:15:00+05:30,285.0,315.05,280.2,307.6,503538
AURUM,2016-12-12 09:15:00+05:30,307.6,307.6,292.65,296.7,75266
AURUM,2016-12-13 09:15:00+05:30,296.7,304.1,287.4,294.3,125017
AURUM,2016-12-14 09:15:00+05:30,296.8,306.8,289.55,292.75,441020
AURUM,2016-12-15 09:15:00+05:30,289.95,302.9,287.75,294.1,71079
AURUM,2016-12-16 09:15:00+05:30,303.45,308.4,295.4,297.15,226142
AURUM,2016-12-19 09:15:00+05:30,298.4,301.9,290.35,292.25,76842
AURUM,2016-12-20 09:15:00+05:30,293.7,297.4,284.5,286.75,50427
AURUM,2016-12-21 09:15:00+05:30,289.6,292.0,285.95,287.15,40700
AURUM,2016-12-22 09:15:00+05:30,287.15,288.05,277.5,280.35,47094
AURUM,2016-12-23 09:15:00+05:30,282.3,286.55,278.7,280.45,37379
AURUM,2016-12-26 09:15:00+05:30,280.5,280.5,267.75,270.7,33538
AURUM,2016-12-27 09:15:00+05:30,270.3,284.5,269.45,281.95,57407
AURUM,2016-12-28 09:15:00+05:30,279.1,286.45,276.6,277.25,71369
AURUM,2016-12-29 09:16:00+05:30,277.8,283.05,276.5,279.35,49468
AURUM,2016-12-30 09:15:00+05:30,281.55,287.8,281.55,285.0,42565
AURUM,2017-01-02 09:15:00+05:30,287.3,290.9,285.2,289.55,37107
AURUM,2017-01-03 09:15:00+05:30,288.2,298.65,288.2,293.15,44713
AURUM,2017-01-04 09:15:00+05:30,289.65,304.75,289.25,297.7,76691
AURUM,2017-01-05 09:15:00+05:30,300.25,303.45,294.75,297.6,37944
AURUM,2017-01-06 09:15:00+05:30,301.25,302.7,291.05,294.5,69531
AURUM,2017-01-09 09:15:00+05:30,294.55,297.6,291.1,292.15,28723
AURUM,2017-01-10 09:15:00+05:30,292.2,295.05,290.0,291.5,24831
AURUM,2017-01-11 09:56:00+05:30,294.7,304.9,291.15,296.7,87796
AURUM,2017-01-12 09:15:00+05:30,298.3,298.35,292.1,292.8,21192
AURUM,2017-01-13 09:15:00+05:30,293.75,296.1,289.7,292.35,23443
AURUM,2017-01-16 09:15:00+05:30,292.5,292.5,286.7,287.8,40160
AURUM,2017-01-17 09:15:00+05:30,287.8,300.0,284.95,296.05,154623
AURUM,2017-01-18 09:16:00+05:30,298.25,299.8,291.15,294.0,65080
AURUM,2017-01-19 09:15:00+05:30,296.8,298.35,292.25,294.35,28804
AURUM,2017-01-20 09:15:00+05:30,293.25,296.9,287.4,289.05,27419
AURUM,2017-01-23 09:15:00+05:30,285.35,289.55,284.55,285.25,26927
AURUM,2017-01-24 09:15:00+05:30,286.0,292.5,282.45,283.65,88909
AURUM,2017-01-25 09:15:00+05:30,283.75,286.6,279.65,282.4,57972
AURUM,2017-01-27 09:15:00+05:30,286.7,286.7,277.4,278.5,86299
AURUM,2017-01-30 09:15:00+05:30,281.95,282.35,269.3,273.15,62284
AURUM,2017-01-31 09:15:00+05:30,275.0,277.95,267.05,268.8,70573
AURUM,2017-02-01 09:16:00+05:30,264.85,279.4,263.05,269.05,223943
AURUM,2017-02-02 09:15:00+05:30,268.8,270.65,258.3,260.05,87541
AURUM,2017-02-03 09:15:00+05:30,261.2,267.8,261.2,263.1,68796
AURUM,2017-02-06 09:15:00+05:30,267.75,267.75,261.95,263.9,49884
AURUM,2017-02-07 09:15:00+05:30,267.0,267.05,262.4,265.5,65597
AURUM,2017-02-08 09:15:00+05:30,266.3,268.15,260.55,261.75,46545
AURUM,2017-02-09 09:15:00+05:30,264.15,264.15,255.55,257.75,62092
AURUM,2017-02-10 09:15:00+05:30,261.2,261.95,258.0,260.9,63608
AURUM,2017-02-13 09:15:00+05:30,264.05,264.05,254.7,257.25,41464
AURUM,2017-02-14 09:15:00+05:30,261.6,261.6,250.3,252.05,56037
AURUM,2017-02-15 09:15:00+05:30,253.95,255.4,240.9,241.85,99829
AURUM,2017-02-16 09:15:00+05:30,243.75,251.6,243.7,247.75,57550
AURUM,2017-02-17 09:15:00+05:30,251.05,253.2,245.95,247.55,39613
AURUM,2017-02-20 09:15:00+05:30,251.75,251.75,245.2,248.95,33971
AURUM,2017-02-21 09:15:00+05:30,250.9,253.95,248.15,251.7,40248
AURUM,2017-02-22 09:15:00+05:30,253.75,260.05,248.85,252.8,90552
AURUM,2017-02-23 09:16:00+05:30,256.8,259.35,251.4,253.1,50155
AURUM,2017-02-27 09:15:00+05:30,256.15,256.95,244.7,250.65,40944
AURUM,2017-02-28 09:15:00+05:30,254.5,254.5,248.85,250.4,30504
AURUM,2017-03-01 09:15:00+05:30,253.2,290.35,253.2,285.25,1555481
AURUM,2017-03-02 09:15:00+05:30,285.25,288.05,267.75,270.55,420860
AURUM,2017-03-03 09:15:00+05:30,269.65,278.1,266.45,274.85,94964
AURUM,2017-03-06 09:15:00+05:30,273.05,278.1,267.9,269.8,70742
AURUM,2017-03-07 09:15:00+05:30,271.4,273.05,264.95,266.6,54522
AURUM,2017-03-08 09:15:00+05:30,267.4,275.8,261.95,263.25,94552
AURUM,2017-03-09 09:15:00+05:30,261.95,267.75,255.55,257.9,57297
AURUM,2017-03-10 09:15:00+05:30,261.9,263.4,255.5,256.75,49824
AURUM,2017-03-14 09:15:00+05:30,265.4,265.4,252.2,253.9,69278
AURUM,2017-03-15 09:15:00+05:30,254.7,256.5,250.9,251.7,63552
AURUM,2017-03-16 09:15:00+05:30,253.2,258.0,252.0,254.2,71850
AURUM,2017-03-17 09:15:00+05:30,257.5,257.5,248.15,249.0,98144
AURUM,2017-03-20 09:15:00+05:30,251.05,254.7,249.6,252.4,64294
AURUM,2017-03-21 09:15:00+05:30,253.2,253.2,248.25,248.95,47331
AURUM,2017-03-22 09:15:00+05:30,247.4,253.2,245.4,249.5,57233
AURUM,2017-03-23 09:15:00+05:30,248.15,252.6,248.15,248.65,43633
AURUM,2017-03-24 09:15:00+05:30,251.75,267.65,251.75,258.05,338500
AURUM,2017-03-27 09:15:00+05:30,260.35,263.05,254.7,256.25,124856
AURUM,2017-03-28 09:15:00+05:30,258.3,259.7,246.75,248.55,165493
AURUM,2017-03-29 09:15:00+05:30,251.45,253.1,241.15,242.95,152848
AURUM,2017-03-30 09:15:00+05:30,243.1,245.2,240.85,243.05,97090
AURUM,2017-03-31 09:15:00+05:30,246.65,247.9,241.45,242.0,152392
AURUM,2017-04-03 09:15:00+05:30,243.3,249.6,242.65,247.05,85429
AURUM,2017-04-05 09:15:00+05:30,250.8,259.55,246.75,256.35,210042
AURUM,2017-04-06 09:15:00+05:30,253.2,289.8,253.2,282.25,1340634
AURUM,2017-04-07 09:15:00+05:30,281.6,297.0,275.2,279.1,631107
AURUM,2017-04-10 09:15:00+05:30,281.6,298.35,280.35,283.55,580114
AURUM,2017-04-11 09:15:00+05:30,289.55,295.3,284.15,287.65,379920
AURUM,2017-04-12 09:15:00+05:30,288.9,288.9,276.5,284.85,177008
AURUM,2017-04-13 09:15:00+05:30,288.9,294.7,283.85,286.35,277766
AURUM,2017-04-17 09:15:00+05:30,289.15,289.15,277.05,278.2,120353
AURUM,2017-04-18 09:15:00+05:30,280.2,285.95,268.6,271.45,190541
AURUM,2017-04-19 09:15:00+05:30,272.75,272.85,257.75,262.3,169397
AURUM,2017-04-20 09:15:00+05:30,263.4,272.15,256.85,268.4,249061
AURUM,2017-04-21 09:15:00+05:30,271.65,280.2,268.5,272.55,316329
AURUM,2017-04-24 09:15:00+05:30,276.35,279.1,266.35,268.4,140121
AURUM,2017-04-25 09:15:00+05:30,270.05,272.85,267.05,267.8,91744
AURUM,2017-04-26 09:15:00+05:30,271.4,271.4,257.6,260.75,142149
AURUM,2017-04-27 09:15:00+05:30,263.4,265.5,260.5,261.65,58109
AURUM,2017-04-28 09:16:00+05:30,261.95,264.15,259.05,262.0,61871
AURUM,2017-05-02 09:15:00+05:30,263.4,264.45,258.55,261.05,53784
AURUM,2017-05-03 09:15:00+05:30,258.3,272.05,256.95,270.2,167880
AURUM,2017-05-04 09:15:00+05:30,272.15,275.0,264.95,267.1,106828
AURUM,2017-05-05 09:15:00+05:30,266.45,268.5,260.5,263.15,67970
AURUM,2017-05-08 09:15:00+05:30,259.75,266.05,259.75,264.1,75893
AURUM,2017-05-09 09:15:00+05:30,266.15,272.8,263.4,268.4,256512
AURUM,2017-05-10 09:15:00+05:30,267.4,272.75,264.65,265.3,156799
AURUM,2017-05-11 09:15:00+05:30,268.5,283.0,265.95,271.7,519856
AURUM,2017-05-12 09:15:00+05:30,273.4,276.5,268.75,271.85,114883
AURUM,2017-05-15 09:15:00+05:30,273.5,273.5,264.1,266.1,97344
AURUM,2017-05-16 09:15:00+05:30,266.15,269.0,261.2,261.95,79433
AURUM,2017-05-17 09:15:00+05:30,260.85,265.6,250.65,254.55,188606
AURUM,2017-05-18 09:15:00+05:30,253.2,255.4,248.15,249.75,141859
AURUM,2017-05-19 09:15:00+05:30,250.05,251.75,241.95,244.0,139758
AURUM,2017-05-22 09:15:00+05:30,245.2,250.95,241.6,242.5,99474
AURUM,2017-05-23 09:15:00+05:30,243.7,243.7,233.85,236.0,100519
AURUM,2017-05-24 09:15:00+05:30,235.75,238.0,227.05,228.45,139932
AURUM,2017-05-25 09:15:00+05:30,230.35,234.85,227.8,232.7,60674
AURUM,2017-05-26 09:15:00+05:30,231.15,240.85,230.1,237.65,76121
AURUM,2017-05-29 09:16:00+05:30,237.95,239.0,227.75,229.95,69465
AURUM,2017-05-30 09:15:00+05:30,227.05,234.15,227.05,231.8,33791
AURUM,2017-05-31 09:16:00+05:30,231.95,232.85,229.2,231.4,58562
AURUM,2017-06-01 09:15:00+05:30,232.85,243.1,229.55,237.8,110143
AURUM,2017-06-02 09:15:00+05:30,238.35,241.95,236.15,238.65,60762
AURUM,2017-06-05 09:15:00+05:30,240.65,241.0,236.2,237.5,34470
AURUM,2017-06-06 09:15:00+05:30,236.5,249.2,236.5,242.25,118467
AURUM,2017-06-07 09:15:00+05:30,243.7,248.65,239.15,244.45,106511
AURUM,2017-06-08 09:15:00+05:30,246.55,246.55,241.95,243.75,59952
AURUM,2017-06-09 09:16:00+05:30,240.85,248.7,240.85,246.95,78738
AURUM,2017-06-12 09:15:00+05:30,245.95,249.45,241.6,244.1,50140
AURUM,2017-06-13 09:16:00+05:30,245.2,246.25,238.0,238.65,34746
AURUM,2017-06-14 09:15:00+05:30,239.9,240.1,233.6,234.9,76353
AURUM,2017-06-15 09:15:00+05:30,236.5,239.85,233.7,234.5,65974
AURUM,2017-06-16 09:15:00+05:30,234.5,236.9,233.55,234.8,38468
AURUM,2017-06-19 09:15:00+05:30,234.35,237.3,231.05,232.1,71007
AURUM,2017-06-20 09:15:00+05:30,231.05,234.3,229.95,232.25,55096
AURUM,2017-06-21 09:15:00+05:30,227.75,232.35,226.35,227.45,64134
AURUM,2017-06-22 09:15:00+05:30,229.55,230.65,225.15,227.3,77927
AURUM,2017-06-23 09:15:00+05:30,226.3,230.25,222.6,223.85,121704
AURUM,2017-06-27 09:15:00+05:30,226.1,229.2,222.05,224.55,42774
AURUM,2017-06-28 09:16:00+05:30,225.05,225.55,222.3,223.7,35520
AURUM,2017-06-29 09:15:00+05:30,225.35,227.2,223.0,224.45,77057
AURUM,2017-06-30 09:15:00+05:30,224.4,225.55,222.65,223.4,40498
AURUM,2017-07-03 09:15:00+05:30,225.55,227.75,223.45,224.4,58542
AURUM,2017-07-04 09:15:00+05:30,225.15,229.15,224.75,225.35,64552
AURUM,2017-07-05 09:17:00+05:30,227.05,227.05,220.7,222.95,87757
AURUM,2017-07-06 09:15:00+05:30,223.45,225.25,220.9,221.4,96323
AURUM,2017-07-07 09:15:00+05:30,222.5,223.8,220.7,221.3,59284
AURUM,2017-07-10 12:30:00+05:30,221.95,225.55,221.95,222.5,21075
AURUM,2017-07-11 09:15:00+05:30,222.65,239.4,222.65,229.6,1014246
AURUM,2017-07-12 09:15:00+05:30,231.35,236.8,231.05,232.35,513877
AURUM,2017-07-13 09:15:00+05:30,235.1,272.05,232.1,267.05,2963758
AURUM,2017-07-14 09:15:00+05:30,265.45,266.3,254.7,256.7,627353
AURUM,2017-07-17 09:15:00+05:30,256.15,264.45,251.8,255.5,370477
AURUM,2017-07-18 09:15:00+05:30,254.7,270.6,251.75,262.2,599950
AURUM,2017-07-19 09:15:00+05:30,267.1,290.35,267.1,280.8,2683260
AURUM,2017-07-20 09:15:00+05:30,279.4,283.55,269.75,274.95,783928
AURUM,2017-07-21 09:15:00+05:30,276.5,277.0,268.15,269.65,231946
AURUM,2017-07-24 09:15:00+05:30,269.25,282.5,266.4,277.05,376307
AURUM,2017-07-25 09:15:00+05:30,278.55,281.75,272.2,274.05,169463
AURUM,2017-07-26 09:15:00+05:30,276.5,281.55,270.7,273.85,201868
AURUM,2017-07-27 09:15:00+05:30,277.25,278.2,262.7,264.15,157482
AURUM,2017-07-28 09:15:00+05:30,264.1,278.7,260.55,273.35,460984
AURUM,2017-07-31 09:15:00+05:30,275.05,275.8,269.85,270.9,152065
AURUM,2017-08-01 09:15:00+05:30,271.4,274.2,267.75,268.55,104908
AURUM,2017-08-02 09:15:00+05:30,270.05,279.05,265.65,277.2,396343
AURUM,2017-08-03 09:15:00+05:30,276.5,278.6,269.25,270.55,168902
AURUM,2017-08-04 09:15:00+05:30,258.35,264.85,249.15,253.5,469222
AURUM,2017-08-07 09:15:00+05:30,255.45,268.8,255.45,264.35,211118
AURUM,2017-08-08 09:15:00+05:30,264.35,268.1,255.4,263.85,246503
AURUM,2017-08-09 09:15:00+05:30,262.4,267.0,256.3,258.5,94212
AURUM,2017-08-10 09:15:00+05:30,258.25,263.45,244.55,247.0,174717
AURUM,2017-08-11 09:15:00+05:30,242.4,253.2,238.7,248.9,131949
AURUM,2017-08-14 09:15:00+05:30,249.95,257.9,249.95,254.4,54424
AURUM,2017-08-16 09:15:00+05:30,256.15,262.15,252.95,259.7,94557
AURUM,2017-08-17 09:15:00+05:30,266.95,268.65,261.1,264.2,180320
AURUM,2017-08-18 09:15:00+05:30,260.5,265.1,258.0,262.25,82639
AURUM,2017-08-21 09:16:00+05:30,265.1,265.95,257.6,258.65,34122
AURUM,2017-08-22 09:15:00+05:30,261.2,272.8,258.55,268.25,337518
AURUM,2017-08-23 09:15:00+05:30,268.15,277.95,265.1,272.1,279702
AURUM,2017-08-24 09:15:00+05:30,271.4,286.25,271.4,281.25,443645
AURUM,2017-08-28 09:15:00+05:30,283.4,292.75,281.25,286.5,466341
AURUM,2017-08-29 09:15:00+05:30,286.35,295.95,281.2,287.45,420395
AURUM,2017-08-30 09:15:00+05:30,291.0,308.75,291.0,306.0,803356
AURUM,2017-08-31 09:15:00+05:30,308.85,312.75,301.95,309.5,444129
AURUM,2017-09-01 09:15:00+05:30,310.0,315.8,306.35,313.1,206428
AURUM,2017-09-04 09:15:00+05:30,313.6,334.0,306.35,325.1,544718
AURUM,2017-09-05 09:15:00+05:30,327.45,337.9,318.55,320.65,382687
AURUM,2017-09-06 09:15:00+05:30,319.95,327.45,314.75,316.0,134524
AURUM,2017-09-07 09:15:00+05:30,318.6,321.45,310.7,313.15,100248
AURUM,2017-09-08 09:15:00+05:30,315.05,322.05,310.0,311.7,111123
AURUM,2017-09-11 09:15:00+05:30,315.7,316.9,308.0,312.65,88444
AURUM,2017-09-12 09:15:00+05:30,311.05,322.7,310.05,321.1,286673
AURUM,2017-09-13 09:15:00+05:30,323.05,344.55,317.35,330.95,745869
AURUM,2017-09-14 09:15:00+05:30,330.95,344.2,330.95,337.95,190025
AURUM,2017-09-15 09:15:00+05:30,332.65,337.65,324.7,329.2,170512
AURUM,2017-09-18 09:15:00+05:30,333.25,340.65,329.05,335.05,331203
AURUM,2017-09-19 09:15:00+05:30,338.05,338.05,328.15,328.8,130962
AURUM,2017-09-20 09:15:00+05:30,328.9,333.75,313.85,318.25,234539
AURUM,2017-09-21 09:15:00+05:30,321.45,326.5,312.9,314.1,121214
AURUM,2017-09-22 09:15:00+05:30,312.25,316.45,298.4,302.25,253985
AURUM,2017-09-25 09:15:00+05:30,302.25,305.3,291.4,295.25,76408
AURUM,2017-09-26 09:15:00+05:30,298.35,303.45,287.4,298.65,143409
AURUM,2017-09-27 09:15:00+05:30,303.15,304.8,287.4,288.25,106382
AURUM,2017-09-28 09:15:00+05:30,288.0,316.3,288.0,303.55,475424
AURUM,2017-09-29 09:15:00+05:30,305.55,317.75,304.25,311.4,167414
AURUM,2017-10-03 09:15:00+05:30,312.9,321.45,304.9,306.3,128938
AURUM,2017-10-04 09:15:00+05:30,306.35,323.15,302.15,311.45,204876
AURUM,2017-10-05 09:15:00+05:30,313.8,323.75,312.75,319.9,178028
AURUM,2017-10-06 09:16:00+05:30,319.9,328.9,318.35,324.55,135309
AURUM,2017-10-09 09:15:00+05:30,328.15,341.25,328.15,336.2,282081
AURUM,2017-10-10 09:15:00+05:30,338.3,339.65,329.65,334.85,83067
AURUM,2017-10-11 09:16:00+05:30,335.45,366.65,335.45,361.8,1302019
AURUM,2017-10-12 09:15:00+05:30,366.0,400.2,362.35,384.65,2471915
AURUM,2017-10-13 09:15:00+05:30,385.45,421.25,372.2,407.6,1110855
AURUM,2017-10-16 09:15:00+05:30,419.1,429.0,400.95,407.85,1027076
AURUM,2017-10-17 09:15:00+05:30,408.05,412.5,395.1,398.3,316112
AURUM,2017-10-18 09:15:00+05:30,400.15,413.3,394.4,397.5,261229
AURUM,2017-10-23 09:15:00+05:30,392.2,410.4,386.95,397.2,396967
AURUM,2017-10-24 09:15:00+05:30,394.4,410.3,394.4,399.5,431324
AURUM,2017-10-25 09:15:00+05:30,403.1,405.35,389.85,394.45,189285
AURUM,2017-10-26 09:15:00+05:30,391.45,397.2,380.55,384.0,205537
AURUM,2017-10-27 09:15:00+05:30,387.3,393.75,373.85,379.9,144851
AURUM,2017-10-30 09:15:00+05:30,382.65,405.1,382.0,400.0,394519
AURUM,2017-10-31 09:15:00+05:30,398.0,399.95,383.15,396.0,451981
AURUM,2017-11-01 09:15:00+05:30,397.3,399.7,387.1,388.5,143097
AURUM,2017-11-02 09:15:00+05:30,391.45,391.45,381.85,382.85,110443
AURUM,2017-11-03 09:15:00+05:30,386.65,388.55,377.65,379.1,130101
AURUM,2017-11-06 09:15:00+05:30,379.75,388.2,376.5,380.5,254455
AURUM,2017-11-07 09:15:00+05:30,385.45,394.4,379.15,388.15,465848
AURUM,2017-11-08 09:15:00+05:30,380.55,390.0,377.65,380.2,220377
AURUM,2017-11-09 09:15:00+05:30,380.65,389.3,342.05,386.75,408786
AURUM,2017-11-10 09:15:00+05:30,384.9,390.0,374.75,378.9,123233
AURUM,2017-11-13 09:15:00+05:30,374.8,394.4,374.8,378.25,304654
AURUM,2017-11-14 09:15:00+05:30,379.15,383.45,371.1,374.1,71101
AURUM,2017-11-15 09:15:00+05:30,372.9,376.8,354.05,359.6,162746
AURUM,2017-11-16 09:15:00+05:30,360.05,370.8,358.0,361.5,96698
AURUM,2017-11-17 09:15:00+05:30,364.55,370.9,357.4,360.6,77343
AURUM,2017-11-20 09:15:00+05:30,361.35,366.75,357.6,359.15,56848
AURUM,2017-11-21 09:15:00+05:30,362.35,378.4,360.6,366.15,167274
AURUM,2017-11-22 09:15:00+05:30,366.95,389.9,366.75,382.75,442642
AURUM,2017-11-23 09:15:00+05:30,384.0,395.85,382.75,386.15,254351
AURUM,2017-11-24 09:15:00+05:30,388.6,392.2,379.85,381.65,82188
AURUM,2017-11-27 09:15:00+05:30,381.3,384.7,374.0,375.95,54549
AURUM,2017-11-28 09:15:00+05:30,377.95,384.85,376.2,378.1,41105
AURUM,2017-11-29 09:15:00+05:30,374.2,399.4,374.05,393.35,448625
AURUM,2017-11-30 09:15:00+05:30,396.6,410.4,384.4,391.25,485759
AURUM,2017-12-01 09:15:00+05:30,393.8,418.05,393.8,404.5,811440
AURUM,2017-12-04 09:15:00+05:30,406.7,413.1,393.05,395.05,204115
AURUM,2017-12-05 09:15:00+05:30,392.85,395.45,384.65,387.0,68909
AURUM,2017-12-06 09:15:00+05:30,386.65,393.4,365.5,374.9,137604
AURUM,2017-12-07 09:15:00+05:30,375.5,392.7,375.5,387.0,217162
AURUM,2017-12-08 09:15:00+05:30,390.0,398.0,374.8,381.0,185219
AURUM,2017-12-11 09:15:00+05:30,382.95,395.35,382.95,390.65,164359
AURUM,2017-12-12 09:15:00+05:30,393.65,396.0,375.85,377.15,188691
AURUM,2017-12-13 09:15:00+05:30,379.65,383.85,376.9,377.6,65414
AURUM,2017-12-14 09:15:00+05:30,380.25,381.65,362.15,363.8,141788
AURUM,2017-12-15 09:15:00+05:30,367.45,378.0,367.45,372.5,139912
AURUM,2017-12-18 09:15:00+05:30,370.35,381.4,356.5,375.35,91215
AURUM,2017-12-19 09:15:00+05:30,378.3,381.85,374.8,376.35,76150
AURUM,2017-12-20 09:15:00+05:30,377.9,379.8,374.2,375.3,42381
AURUM,2017-12-21 09:15:00+05:30,376.9,381.8,370.8,376.85,78538
AURUM,2017-12-22 09:15:00+05:30,376.9,381.3,374.75,376.75,56515
AURUM,2017-12-26 09:15:00+05:30,376.2,389.15,376.2,382.4,98521
AURUM,2017-12-27 09:15:00+05:30,384.85,388.05,374.75,375.7,84842
AURUM,2017-12-28 09:15:00+05:30,375.55,378.4,364.9,373.45,53155
AURUM,2017-12-29 09:15:00+05:30,374.6,384.2,373.3,374.25,122490
AURUM,2018-01-01 09:15:00+05:30,376.15,380.5,372.55,373.85,38828
AURUM,2018-01-02 09:15:00+05:30,377.45,377.85,368.35,370.75,37992
AURUM,2018-01-03 09:15:00+05:30,374.3,374.75,367.95,369.85,32777
AURUM,2018-01-04 09:15:00+05:30,371.7,374.75,367.45,369.05,44037
AURUM,2018-01-05 09:15:00+05:30,371.1,378.5,368.9,374.95,108912
AURUM,2018-01-08 09:15:00+05:30,375.45,379.15,369.65,370.6,52957
AURUM,2018-01-09 09:15:00+05:30,372.75,389.15,371.05,380.15,311825
AURUM,2018-01-10 09:15:00+05:30,381.05,396.95,372.6,389.9,275210
AURUM,2018-01-11 09:15:00+05:30,396.55,403.05,385.85,391.0,412600
AURUM,2018-01-12 09:15:00+05:30,391.45,395.0,374.75,379.3,105525
AURUM,2018-01-15 09:15:00+05:30,382.35,386.0,374.95,377.3,76436
AURUM,2018-01-16 09:15:00+05:30,379.85,385.6,371.1,374.45,110583
AURUM,2018-01-17 09:15:00+05:30,374.75,379.3,368.2,373.7,61768
AURUM,2018-01-18 09:15:00+05:30,376.1,382.0,368.9,374.1,110290
AURUM,2018-01-19 09:15:00+05:30,372.65,391.4,370.0,387.5,215307
AURUM,2018-01-22 09:15:00+05:30,387.85,414.3,387.85,406.45,882410
AURUM,2018-01-23 09:15:00+05:30,410.7,416.2,406.05,411.95,396939
AURUM,2018-01-24 09:15:00+05:30,408.95,439.4,396.7,421.9,2037150
AURUM,2018-01-25 09:15:00+05:30,422.75,432.9,401.65,411.35,401576
AURUM,2018-01-29 09:15:00+05:30,409.1,428.6,399.15,415.5,517597
AURUM,2018-01-30 09:15:00+05:30,414.7,419.85,401.7,404.8,379895
AURUM,2018-01-31 09:15:00+05:30,403.7,413.9,392.05,395.85,251283
AURUM,2018-02-01 09:15:00+05:30,395.85,405.35,373.7,395.75,302238
AURUM,2018-02-02 09:15:00+05:30,394.4,395.85,364.55,368.6,323126
AURUM,2018-02-05 09:15:00+05:30,358.0,396.55,349.5,394.25,355803
AURUM,2018-02-06 09:15:00+05:30,374.7,383.6,367.45,372.25,414915
AURUM,2018-02-07 09:15:00+05:30,376.9,384.65,358.9,366.35,418732
AURUM,2018-02-08 09:15:00+05:30,368.2,372.5,351.45,354.2,293133
AURUM,2018-02-09 09:15:00+05:30,348.7,357.65,344.55,354.65,482221
AURUM,2018-02-12 09:15:00+05:30,358.7,364.65,353.0,359.45,209319
AURUM,2018-02-14 09:15:00+05:30,363.05,366.5,345.8,350.2,537780
AURUM,2018-02-15 09:15:00+05:30,352.1,362.95,349.65,359.45,280262
AURUM,2018-02-16 09:15:00+05:30,361.65,363.4,352.0,356.2,109432
AURUM,2018-02-19 09:15:00+05:30,357.35,357.4,342.7,346.3,90157
AURUM,2018-02-20 09:15:00+05:30,348.55,352.2,342.85,343.8,139631
AURUM,2018-02-21 09:15:00+05:30,346.35,347.45,336.45,338.3,102425
AURUM,2018-02-22 09:15:00+05:30,337.15,345.2,336.2,339.5,78531
AURUM,2018-02-23 09:15:00+05:30,341.25,352.85,338.45,343.55,218679
AURUM,2018-02-26 09:15:00+05:30,345.0,348.55,340.25,343.4,118545
AURUM,2018-02-27 09:15:00+05:30,345.55,347.8,341.95,345.1,141050
AURUM,2018-02-28 09:15:00+05:30,344.0,347.05,340.95,345.75,145822
AURUM,2018-03-01 09:15:00+05:30,344.25,352.75,343.8,347.25,67012
AURUM,2018-03-05 09:15:00+05:30,345.7,350.0,337.65,340.0,212430
AURUM,2018-03-06 09:15:00+05:30,343.35,347.1,327.45,332.3,124247
AURUM,2018-03-07 09:17:00+05:30,333.9,336.9,324.8,327.85,121308
AURUM,2018-03-08 09:15:00+05:30,328.3,337.75,320.65,332.85,85656
AURUM,2018-03-09 09:15:00+05:30,334.0,342.0,323.05,327.65,164733
AURUM,2018-03-12 09:15:00+05:30,331.1,336.9,325.35,326.75,105241
AURUM,2018-03-13 09:15:00+05:30,327.45,335.9,325.35,330.0,77262
AURUM,2018-03-14 09:15:00+05:30,331.55,340.05,329.1,330.5,79190
AURUM,2018-03-15 09:15:00+05:30,333.25,350.95,330.35,347.8,340479
AURUM,2018-03-16 09:15:00+05:30,349.1,359.65,344.6,356.7,181576
AURUM,2018-03-19 09:15:00+05:30,358.75,360.1,344.9,350.35,98576
AURUM,2018-03-20 09:15:00+05:30,346.8,355.45,332.75,345.0,123750
AURUM,2018-03-21 09:15:00+05:30,346.75,362.8,346.7,356.75,160211
AURUM,2018-03-22 09:15:00+05:30,359.45,379.1,353.65,366.75,610643
AURUM,2018-03-23 09:15:00+05:30,359.45,371.85,350.05,357.95,224270
AURUM,2018-03-26 09:15:00+05:30,360.15,365.8,343.1,355.15,202985
AURUM,2018-03-27 09:15:00+05:30,355.9,362.9,354.35,359.65,83084
AURUM,2018-03-28 09:15:00+05:30,356.55,367.45,356.5,357.4,98467
AURUM,2018-04-02 09:15:00+05:30,360.15,365.05,351.45,357.1,72471
AURUM,2018-04-03 09:15:00+05:30,355.15,356.65,351.75,353.0,39686
AURUM,2018-04-04 09:15:00+05:30,355.45,362.35,350.7,353.25,86502
AURUM,2018-04-05 09:15:00+05:30,356.8,362.15,354.35,356.85,60752
AURUM,2018-04-06 09:15:00+05:30,362.35,367.4,353.65,356.05,304374
AURUM,2018-04-09 09:15:00+05:30,357.95,362.95,354.2,355.25,78650
AURUM,2018-04-10 09:15:00+05:30,359.0,359.1,350.0,352.85,45302
AURUM,2018-04-11 09:15:00+05:30,353.7,356.35,344.2,347.0,54033
AURUM,2018-04-12 09:15:00+05:30,346.35,352.9,342.7,343.25,68030
AURUM,2018-04-13 09:15:00+05:30,344.85,376.85,343.0,371.85,432994
AURUM,2018-04-16 09:15:00+05:30,368.3,389.65,364.25,382.85,888969
AURUM,2018-04-17 09:15:00+05:30,385.6,386.95,374.85,378.9,90539
AURUM,2018-04-18 09:15:00+05:30,382.05,389.1,376.9,378.9,513917
AURUM,2018-04-19 09:15:00+05:30,381.3,392.55,376.9,386.7,108905
AURUM,2018-04-20 09:15:00+05:30,386.75,395.35,377.7,392.95,153791
AURUM,2018-04-23 09:15:00+05:30,395.45,416.2,389.3,411.35,407890
AURUM,2018-04-24 09:15:00+05:30,413.8,416.95,403.85,406.2,107216
AURUM,2018-04-25 09:15:00+05:30,407.65,414.35,403.2,408.3,141105
AURUM,2018-04-26 09:15:00+05:30,408.95,420.9,408.95,415.5,184128
AURUM,2018-04-27 09:15:00+05:30,412.95,420.45,407.5,412.9,105663
AURUM,2018-04-30 09:15:00+05:30,414.75,423.35,407.5,418.7,135631
AURUM,2018-05-02 09:15:00+05:30,421.45,421.45,403.85,405.35,44699
AURUM,2018-05-03 09:15:00+05:30,405.25,410.95,385.65,402.3,79282
AURUM,2018-05-04 09:15:00+05:30,403.85,406.75,394.4,398.7,50541
AURUM,2018-05-07 09:15:00+05:30,398.7,402.5,383.35,387.35,73074
AURUM,2018-05-08 09:15:00+05:30,389.0,396.55,378.85,380.2,121161
AURUM,2018-05-09 09:15:00+05:30,381.15,396.55,378.4,382.5,111130
AURUM,2018-05-10 09:15:00+05:30,385.85,394.4,379.45,381.45,85271
AURUM,2018-05-11 09:15:00+05:30,382.0,391.45,378.85,382.25,88211
AURUM,2018-05-14 09:16:00+05:30,382.05,403.85,374.05,379.15,1294392
AURUM,2018-05-15 09:15:00+05:30,369.65,388.85,368.2,370.5,185982
AURUM,2018-05-16 09:15:00+05:30,372.5,385.85,368.9,379.8,197474
AURUM,2018-05-17 09:15:00+05:30,382.0,385.65,379.1,382.55,95885
AURUM,2018-05-18 09:15:00+05:30,382.75,385.65,378.6,380.15,77950
AURUM,2018-05-21 09:15:00+05:30,383.75,383.75,363.8,367.1,113705
AURUM,2018-05-22 09:15:00+05:30,369.05,374.75,367.45,368.65,89812
AURUM,2018-05-23 09:15:00+05:30,369.65,374.5,366.7,367.3,53866
AURUM,2018-05-24 09:15:00+05:30,368.25,369.95,356.6,360.1,72379
AURUM,2018-05-25 09:15:00+05:30,359.4,373.95,359.4,368.1,99019
AURUM,2018-05-28 09:15:00+05:30,370.95,377.9,367.75,376.2,84013
AURUM,2018-05-29 09:15:00+05:30,375.45,375.45,367.4,368.35,35057
AURUM,2018-05-30 09:15:00+05:30,366.35,372.25,361.8,363.7,65462
AURUM,2018-05-31 09:16:00+05:30,364.3,371.05,362.5,363.25,29657
AURUM,2018-06-01 09:15:00+05:30,364.7,367.25,350.2,352.05,49256
AURUM,2018-06-04 09:15:00+05:30,353.25,353.8,334.1,339.2,97161
AURUM,2018-06-05 09:15:00+05:30,341.25,342.65,322.55,325.9,54105
AURUM,2018-06-06 09:15:00+05:30,326.0,338.35,318.0,333.85,83537
AURUM,2018-06-07 09:15:00+05:30,343.45,368.8,337.75,354.55,189066
AURUM,2018-06-08 09:15:00+05:30,354.35,354.4,347.1,350.9,44166
AURUM,2018-06-11 09:16:00+05:30,350.0,354.2,347.1,349.1,24417
AURUM,2018-06-12 09:16:00+05:30,349.25,361.95,348.65,357.0,51711
AURUM,2018-06-13 09:15:00+05:30,358.75,363.2,351.3,353.65,34590
AURUM,2018-06-14 09:15:00+05:30,353.65,360.55,352.2,356.65,44382
AURUM,2018-06-15 09:15:00+05:30,359.45,359.45,346.35,349.0,30185
AURUM,2018-06-18 09:15:00+05:30,348.55,350.55,342.0,343.8,21959
AURUM,2018-06-19 09:15:00+05:30,344.2,345.55,337.25,341.25,43121
AURUM,2018-06-20 09:15:00+05:30,339.8,344.9,337.25,339.1,26000
AURUM,2018-06-21 09:15:00+05:30,345.6,355.8,342.05,344.7,119793
AURUM,2018-06-22 09:15:00+05:30,345.65,345.65,337.5,341.8,26003
AURUM,2018-06-25 09:15:00+05:30,342.45,344.85,333.35,335.5,476941
AURUM,2018-06-26 09:15:00+05:30,333.25,335.8,329.75,332.25,61026
AURUM,2018-06-27 09:15:00+05:30,336.15,343.45,329.75,334.05,90431
AURUM,2018-06-28 09:15:00+05:30,335.4,335.4,308.4,320.5,306728
AURUM,2018-06-29 09:15:00+05:30,321.3,326.7,321.3,325.3,65896
AURUM,2018-07-02 09:15:00+05:30,325.9,328.65,313.75,322.25,42026
AURUM,2018-07-03 09:15:00+05:30,322.25,325.9,316.6,318.65,38399
AURUM,2018-07-04 09:15:00+05:30,320.15,322.45,311.45,312.25,41504
AURUM,2018-07-05 09:16:00+05:30,312.25,312.9,306.2,308.0,33178
AURUM,2018-07-06 09:15:00+05:30,310.0,333.05,310.0,312.25,149272
AURUM,2018-07-09 09:15:00+05:30,313.05,316.15,310.25,311.7,26617
AURUM,2018-07-10 09:15:00+05:30,311.7,323.8,311.7,319.65,69108
AURUM,2018-07-11 09:15:00+05:30,318.9,326.7,315.05,316.05,51172
AURUM,2018-07-12 09:15:00+05:30,318.6,320.15,310.0,311.25,32512
AURUM,2018-07-13 09:15:00+05:30,311.4,316.55,305.75,306.8,48525
AURUM,2018-07-16 09:15:00+05:30,306.35,307.8,300.9,302.8,18736
AURUM,2018-07-17 09:15:00+05:30,302.2,305.6,291.85,302.0,26782
AURUM,2018-07-18 09:16:00+05:30,302.7,309.25,296.9,299.25,28356
AURUM,2018-07-19 09:15:00+05:30,300.0,301.05,292.3,295.35,44750
AURUM,2018-07-20 09:15:00+05:30,295.4,299.05,291.9,296.9,40701
AURUM,2018-07-23 09:52:00+05:30,296.35,307.8,294.75,304.3,32703
AURUM,2018-07-24 09:15:00+05:30,307.8,312.4,304.15,305.75,39221
AURUM,2018-07-25 09:15:00+05:30,308.35,312.8,305.6,308.2,21513
AURUM,2018-07-26 09:15:00+05:30,308.55,311.45,304.2,308.0,38801
AURUM,2018-07-27 09:15:00+05:30,315.8,338.35,315.5,330.0,240238
AURUM,2018-07-30 09:15:00+05:30,329.6,338.35,326.0,336.75,94392
AURUM,2018-07-31 09:15:00+05:30,336.15,339.1,325.85,331.25,55076
AURUM,2018-08-01 09:15:00+05:30,333.25,338.35,331.6,334.8,80942
AURUM,2018-08-02 09:15:00+05:30,336.1,362.35,324.05,347.75,925822
AURUM,2018-08-03 09:15:00+05:30,350.7,395.2,350.7,372.75,1162996
AURUM,2018-08-06 09:15:00+05:30,374.0,387.45,363.3,372.25,216582
AURUM,2018-08-07 09:15:00+05:30,367.25,371.7,356.2,365.3,163644
AURUM,2018-08-08 09:15:00+05:30,367.25,379.85,366.65,371.15,83333
AURUM,2018-08-09 09:15:00+05:30,371.45,371.45,360.2,362.2,64900
AURUM,2018-08-10 09:15:00+05:30,363.8,369.65,359.5,363.15,57176
AURUM,2018-08-13 09:15:00+05:30,361.6,377.65,351.65,364.0,132582
AURUM,2018-08-14 09:15:00+05:30,361.4,381.3,361.4,371.5,183368
AURUM,2018-08-16 09:15:00+05:30,374.25,384.9,372.55,380.95,110289
AURUM,2018-08-17 09:15:00+05:30,381.65,388.85,370.35,378.95,87602
AURUM,2018-08-20 09:15:00+05:30,383.2,383.2,374.75,376.35,36494
AURUM,2018-08-21 09:15:00+05:30,379.8,380.05,373.95,375.45,45268
AURUM,2018-08-23 09:15:00+05:30,376.2,377.4,367.8,369.55,39499
AURUM,2018-08-24 09:15:00+05:30,371.05,373.3,360.9,364.05,54367
AURUM,2018-08-27 09:15:00+05:30,366.9,374.75,360.2,362.7,54415
AURUM,2018-08-28 09:15:00+05:30,366.35,371.1,363.05,365.3,77994
AURUM,2018-08-29 09:15:00+05:30,367.3,380.5,365.4,375.1,104878
AURUM,2018-08-30 09:15:00+05:30,378.35,382.0,375.45,380.65,82488
AURUM,2018-08-31 09:15:00+05:30,380.65,388.1,376.2,380.25,114901
AURUM,2018-09-03 09:15:00+05:30,372.65,382.0,372.65,378.65,38871
AURUM,2018-09-04 09:15:00+05:30,376.9,385.65,374.75,378.1,71414
AURUM,2018-09-05 09:15:00+05:30,378.0,381.2,375.05,377.15,45084
AURUM,2018-09-06 09:15:00+05:30,378.4,381.3,373.75,378.4,37063
AURUM,2018-09-07 09:15:00+05:30,381.75,416.7,378.25,397.9,1098012
AURUM,2018-09-10 09:15:00+05:30,396.65,416.05,392.55,403.55,652045
AURUM,2018-09-11 09:15:00+05:30,406.55,406.55,382.8,386.35,188255
AURUM,2018-09-12 09:15:00+05:30,386.35,398.55,378.75,387.2,170881
AURUM,2018-09-14 09:15:00+05:30,389.8,396.15,381.45,384.3,127180
AURUM,2018-09-17 09:15:00+05:30,381.7,387.1,376.2,383.95,111069
AURUM,2018-09-18 09:15:00+05:30,383.95,386.85,372.55,374.05,45379
AURUM,2018-09-19 09:15:00+05:30,376.15,402.55,374.05,388.4,308049
AURUM,2018-09-21 09:15:00+05:30,389.3,395.85,346.35,371.25,124194
AURUM,2018-09-24 09:15:00+05:30,374.25,374.25,345.65,349.9,81132
AURUM,2018-09-25 09:15:00+05:30,352.2,356.2,332.85,340.7,94025
AURUM,2018-09-26 09:15:00+05:30,343.85,359.45,343.85,352.2,66978
AURUM,2018-09-27 09:15:00+05:30,354.05,355.0,331.95,348.25,82117
AURUM,2018-09-28 09:15:00+05:30,350.7,362.9,333.25,336.85,115881
AURUM,2018-10-01 09:16:00+05:30,337.6,356.55,319.2,353.3,90790
AURUM,2018-10-03 09:15:00+05:30,352.45,376.1,344.9,372.65,137320
AURUM,2018-10-04 09:15:00+05:30,363.8,370.35,350.5,353.0,52972
AURUM,2018-10-05 09:15:00+05:30,353.5,368.75,320.15,334.45,131522
AURUM,2018-10-08 09:15:00+05:30,338.15,341.9,314.0,324.5,99410
AURUM,2018-10-09 09:15:00+05:30,327.1,342.0,318.7,337.9,121339
AURUM,2018-10-10 09:15:00+05:30,341.25,363.6,341.25,354.9,93443
AURUM,2018-10-11 09:15:00+05:30,342.05,348.55,336.45,347.5,40080
AURUM,2018-10-12 09:15:00+05:30,345.55,355.0,340.55,343.75,103214
AURUM,2018-10-15 09:15:00+05:30,346.15,347.8,339.1,340.9,29437
AURUM,2018-10-16 09:15:00+05:30,343.45,357.2,343.4,349.0,33180
AURUM,2018-10-17 09:15:00+05:30,353.6,353.65,338.35,339.5,28639
AURUM,2018-10-19 09:15:00+05:30,341.25,342.5,326.05,327.5,30127
AURUM,2018-10-22 09:15:00+05:30,333.25,333.25,317.3,319.85,31463
AURUM,2018-10-23 09:15:00+05:30,316.45,321.45,312.7,317.2,18722
AURUM,2018-10-24 09:15:00+05:30,320.15,324.55,312.15,313.35,30904
AURUM,2018-10-25 09:15:00+05:30,311.2,315.0,301.95,311.5,25071
AURUM,2018-10-26 09:15:00+05:30,311.4,318.7,302.7,314.85,28276
AURUM,2018-10-29 09:16:00+05:30,314.55,325.5,309.3,323.2,47115
AURUM,2018-10-30 09:15:00+05:30,325.0,352.2,325.0,341.05,80754
AURUM,2018-10-31 09:17:00+05:30,342.7,360.2,337.55,348.9,45504
AURUM,2018-11-01 09:15:00+05:30,351.7,354.35,346.7,349.25,20660
AURUM,2018-11-02 09:15:00+05:30,349.35,353.6,341.25,343.95,29987
AURUM,2018-11-05 09:15:00+05:30,335.8,376.9,335.8,362.3,410292
AURUM,2018-11-06 09:15:00+05:30,362.35,362.35,347.8,354.0,73007
AURUM,2018-11-09 09:15:00+05:30,360.1,366.55,356.55,360.95,61949
AURUM,2018-11-12 09:15:00+05:30,360.2,368.75,345.8,356.6,78081
AURUM,2018-11-13 09:15:00+05:30,356.55,359.45,352.9,357.15,18572
AURUM,2018-11-14 09:15:00+05:30,359.65,360.5,350.55,356.65,43597
AURUM,2018-11-15 09:15:00+05:30,359.4,359.4,353.65,356.45,15193
AURUM,2018-11-16 09:16:00+05:30,357.5,359.1,354.4,356.55,22516
AURUM,2018-11-19 09:18:00+05:30,357.35,357.35,346.35,349.1,16985
AURUM,2018-11-20 09:17:00+05:30,350.0,350.0,335.8,343.1,46715
AURUM,2018-11-21 09:15:00+05:30,346.55,346.55,336.15,337.1,10922
AURUM,2018-11-22 09:15:00+05:30,339.1,345.4,338.95,342.9,12404
AURUM,2018-11-26 09:15:00+05:30,342.0,349.2,337.65,344.45,26055
AURUM,2018-11-27 09:15:00+05:30,346.5,346.5,339.8,344.2,14776
AURUM,2018-11-28 09:16:00+05:30,344.35,363.45,343.45,344.65,47202
AURUM,2018-11-29 09:17:00+05:30,347.25,348.55,336.9,338.15,22993
AURUM,2018-11-30 09:15:00+05:30,339.1,343.45,338.35,339.15,10343
AURUM,2018-12-03 00:00:00+05:30,336.9,343.4,336.3,341.3,17785
AURUM,2018-12-04 00:00:00+05:30,343.65,348.4,340.95,345.35,27041
AURUM,2018-12-05 00:00:00+05:30,343.95,344.45,338.35,341.35,26092
AURUM,2018-12-06 00:00:00+05:30,335.65,342.1,330.05,330.95,21491
AURUM,2018-12-07 00:00:00+05:30,334.25,338.3,323.05,323.45,19189
AURUM,2018-12-10 00:00:00+05:30,322.35,332.3,316.55,326.6,17425
AURUM,2018-12-11 00:00:00+05:30,326.65,336.15,315.2,331.35,39675
AURUM,2018-12-12 00:00:00+05:30,331.1,344.85,324.2,337.8,49343
AURUM,2018-12-13 00:00:00+05:30,339.1,351.85,339.1,343.95,66365
AURUM,2018-12-14 00:00:00+05:30,343.4,349.8,341.3,343.55,9906
AURUM,2018-12-17 00:00:00+05:30,339.8,349.25,339.8,346.0,11020
AURUM,2018-12-18 00:00:00+05:30,345.7,367.45,345.65,364.85,127948
AURUM,2018-12-19 00:00:00+05:30,361.0,371.85,356.55,367.8,60475
AURUM,2018-12-20 00:00:00+05:30,365.5,370.75,362.55,369.85,19532
AURUM,2018-12-21 00:00:00+05:30,371.05,372.5,358.0,363.85,41856
AURUM,2018-12-24 00:00:00+05:30,360.2,368.9,356.7,359.4,40892
AURUM,2018-12-26 00:00:00+05:30,362.35,367.45,350.0,360.6,32152
AURUM,2018-12-27 00:00:00+05:30,363.8,367.8,358.75,362.45,24119
AURUM,2018-12-28 00:00:00+05:30,364.55,373.55,363.8,367.75,243202
AURUM,2018-12-31 00:00:00+05:30,367.45,370.0,362.45,363.75,18574
AURUM,2019-01-01 00:00:00+05:30,363.8,379.85,363.8,375.4,94354
AURUM,2019-01-02 00:00:00+05:30,368.25,375.75,360.5,363.9,26910
AURUM,2019-01-03 00:00:00+05:30,362.05,371.1,361.7,369.5,20672
AURUM,2019-01-04 00:00:00+05:30,371.3,372.5,361.7,362.4,8761
AURUM,2019-01-07 00:00:00+05:30,364.5,371.1,361.65,362.2,18828
AURUM,2019-01-08 00:00:00+05:30,361.65,366.5,359.4,359.7,10970
AURUM,2019-01-09 00:00:00+05:30,362.1,364.55,353.15,354.85,10772
AURUM,2019-01-10 00:00:00+05:30,356.5,365.9,353.95,361.75,10144
AURUM,2019-01-11 00:00:00+05:30,363.15,363.15,351.65,353.65,13219
AURUM,2019-01-14 00:00:00+05:30,353.65,354.1,346.4,349.25,306555
AURUM,2019-01-15 00:00:00+05:30,350.95,359.1,345.65,351.1,24300
AURUM,2019-01-16 00:00:00+05:30,352.85,362.35,352.85,360.35,25903
AURUM,2019-01-17 00:00:00+05:30,359.0,365.3,356.6,360.4,34559
AURUM,2019-01-18 00:00:00+05:30,362.35,363.8,356.75,362.05,22552
AURUM,2019-01-21 00:00:00+05:30,362.05,362.05,349.25,351.0,10366
AURUM,2019-01-22 00:00:00+05:30,352.2,357.95,348.05,349.65,14752
AURUM,2019-01-23 00:00:00+05:30,347.95,354.35,344.95,349.85,12503
AURUM,2019-01-24 00:00:00+05:30,347.15,360.05,344.15,346.3,40577
AURUM,2019-01-25 00:00:00+05:30,351.15,351.5,344.2,346.85,12194
AURUM,2019-01-28 00:00:00+05:30,346.35,349.05,324.0,326.9,24766
AURUM,2019-01-29 00:00:00+05:30,326.7,333.05,320.15,323.75,32086
AURUM,2019-01-30 00:00:00+05:30,330.35,332.7,324.55,328.95,19020
AURUM,2019-01-31 00:00:00+05:30,326.35,345.4,326.35,336.0,21053
AURUM,2019-02-01 00:00:00+05:30,329.7,381.3,329.7,360.7,505050
AURUM,2019-02-04 00:00:00+05:30,360.9,374.75,360.9,367.15,102252
AURUM,2019-02-05 00:00:00+05:30,367.45,371.85,360.2,361.25,40003
AURUM,2019-02-06 00:00:00+05:30,363.8,365.8,351.45,357.7,32722
AURUM,2019-02-07 00:00:00+05:30,360.9,381.3,355.75,366.7,411082
AURUM,2019-02-08 00:00:00+05:30,362.35,362.35,349.25,351.8,60778
AURUM,2019-02-11 00:00:00+05:30,351.75,352.3,339.1,340.55,35144
AURUM,2019-02-12 00:00:00+05:30,343.95,347.05,335.85,339.25,37209
AURUM,2019-02-13 00:00:00+05:30,342.45,344.2,321.7,324.0,39029
AURUM,2019-02-14 00:00:00+05:30,322.95,334.7,320.55,331.1,27206
AURUM,2019-02-15 00:00:00+05:30,333.25,333.75,327.45,329.2,9551
AURUM,2019-02-18 00:00:00+05:30,334.0,334.0,321.6,327.45,20638
AURUM,2019-02-19 00:00:00+05:30,326.25,331.75,320.95,322.8,26703
AURUM,2019-02-20 00:00:00+05:30,328.85,340.55,328.15,331.6,88145
AURUM,2019-02-21 00:00:00+05:30,331.7,334.55,330.55,332.7,15616
AURUM,2019-02-22 00:00:00+05:30,334.7,349.8,333.25,336.4,70125
AURUM,2019-02-25 00:00:00+05:30,336.2,342.7,334.7,340.2,32623
AURUM,2019-02-26 00:00:00+05:30,335.45,340.45,327.7,333.0,21982
AURUM,2019-02-27 00:00:00+05:30,335.9,339.8,325.65,329.5,17511
AURUM,2019-02-28 00:00:00+05:30,331.05,333.65,328.9,329.6,12336
AURUM,2019-03-01 00:00:00+05:30,331.2,343.45,331.2,340.95,23551
AURUM,2019-03-05 00:00:00+05:30,336.25,358.0,336.25,350.7,77894
AURUM,2019-03-06 00:00:00+05:30,349.3,356.55,345.65,354.25,28352
AURUM,2019-03-07 00:00:00+05:30,353.85,355.0,349.75,351.9,17154
AURUM,2019-03-08 00:00:00+05:30,349.95,352.75,349.95,350.7,9410
AURUM,2019-03-11 00:00:00+05:30,350.7,363.8,350.65,354.55,35259
AURUM,2019-03-12 00:00:00+05:30,354.4,360.9,349.25,350.85,22411
AURUM,2019-03-13 00:00:00+05:30,344.3,369.65,344.3,360.4,128157
AURUM,2019-03-14 00:00:00+05:30,362.35,380.4,356.55,363.15,187613
AURUM,2019-03-15 00:00:00+05:30,365.95,369.6,354.05,358.15,39089
AURUM,2019-03-18 00:00:00+05:30,362.9,369.05,360.2,361.95,68220
AURUM,2019-03-19 00:00:00+05:30,367.4,367.7,354.9,357.25,32695
AURUM,2019-03-20 00:00:00+05:30,360.1,363.8,357.25,361.6,26278
AURUM,2019-03-22 00:00:00+05:30,361.05,366.35,361.05,362.75,39398
AURUM,2019-03-25 00:00:00+05:30,359.45,359.45,349.25,350.6,44461
AURUM,2019-03-26 00:00:00+05:30,352.15,357.5,349.75,351.35,20848
AURUM,2019-03-27 00:00:00+05:30,351.65,357.35,348.9,353.15,46073
AURUM,2019-03-28 00:00:00+05:30,352.9,357.25,351.8,352.65,13221
AURUM,2019-03-29 00:00:00+05:30,353.0,361.3,352.0,352.95,28185
AURUM,2019-04-01 00:00:00+05:30,356.3,360.35,354.0,355.9,19652
AURUM,2019-04-02 00:00:00+05:30,359.45,374.75,358.05,364.45,120693
AURUM,2019-04-03 00:00:00+05:30,363.9,369.95,355.15,357.45,30071
AURUM,2019-04-04 00:00:00+05:30,358.7,363.7,355.5,358.5,13496
AURUM,2019-04-05 00:00:00+05:30,360.75,368.25,358.8,362.25,23426
AURUM,2019-04-08 00:00:00+05:30,360.9,364.5,355.85,358.4,18554
AURUM,2019-04-09 00:00:00+05:30,361.4,371.1,360.6,366.75,75865
AURUM,2019-04-10 00:00:00+05:30,364.5,371.05,364.5,367.4,65011
AURUM,2019-04-11 00:00:00+05:30,367.6,368.6,360.75,361.3,11874
AURUM,2019-04-12 00:00:00+05:30,362.2,364.95,355.8,357.8,20364
AURUM,2019-04-15 00:00:00+05:30,359.5,364.55,358.0,358.65,24658
AURUM,2019-04-16 00:00:00+05:30,360.9,363.8,357.6,362.3,22703
AURUM,2019-04-18 00:00:00+05:30,363.8,365.9,355.25,356.75,75753
AURUM,2019-04-22 00:00:00+05:30,357.25,360.2,348.75,351.2,20845
AURUM,2019-04-23 00:00:00+05:30,350.75,357.65,349.25,353.3,41596
AURUM,2019-04-24 00:00:00+05:30,352.9,365.95,352.9,364.2,105887
AURUM,2019-04-25 00:00:00+05:30,362.4,380.55,360.9,376.05,105117
AURUM,2019-04-26 00:00:00+05:30,374.7,385.65,374.4,380.5,58452
AURUM,2019-04-30 00:00:00+05:30,380.55,384.5,374.75,381.6,42776
AURUM,2019-05-02 00:00:00+05:30,380.55,400.15,378.1,396.55,77370
AURUM,2019-05-03 00:00:00+05:30,390.85,403.65,378.45,385.75,52001
AURUM,2019-05-06 00:00:00+05:30,378.4,388.7,375.45,385.7,43534
AURUM,2019-05-07 00:00:00+05:30,385.3,399.5,385.1,392.5,54840
AURUM,2019-05-08 00:00:00+05:30,389.65,392.2,382.5,385.65,66083
AURUM,2019-05-09 00:00:00+05:30,387.05,388.3,384.1,385.65,126471
AURUM,2019-05-10 00:00:00+05:30,385.7,391.45,367.45,371.15,32961
AURUM,2019-05-13 00:00:00+05:30,371.85,375.05,366.75,371.7,42077
AURUM,2019-05-14 00:00:00+05:30,368.15,370.35,363.15,364.5,12399
AURUM,2019-05-15 00:00:00+05:30,367.4,373.85,364.55,369.05,28308
AURUM,2019-05-16 00:00:00+05:30,365.65,374.0,354.75,364.75,76488
AURUM,2019-05-17 00:00:00+05:30,368.4,368.7,358.75,359.95,49814
AURUM,2019-05-20 00:00:00+05:30,361.7,368.15,361.25,363.1,72153
AURUM,2019-05-21 00:00:00+05:30,369.65,369.65,363.8,366.45,27986
AURUM,2019-05-22 00:00:00+05:30,366.75,369.65,363.1,366.4,31532
AURUM,2019-05-23 00:00:00+05:30,374.0,375.45,364.2,366.85,35638
AURUM,2019-05-24 00:00:00+05:30,368.75,376.9,366.1,374.5,322301
AURUM,2019-05-27 00:00:00+05:30,375.7,394.9,374.75,379.55,58012
AURUM,2019-05-28 00:00:00+05:30,382.0,393.5,378.3,378.9,34909
AURUM,2019-05-29 00:00:00+05:30,380.55,382.0,367.8,371.7,22955
AURUM,2019-05-30 00:00:00+05:30,374.6,378.75,357.8,363.95,39339
AURUM,2019-05-31 00:00:00+05:30,365.95,383.45,365.95,380.45,72252
AURUM,2019-06-03 00:00:00+05:30,376.2,379.8,372.55,377.2,54935
AURUM,2019-06-04 00:00:00+05:30,380.95,380.95,371.1,373.2,16775
AURUM,2019-06-06 00:00:00+05:30,371.45,371.45,367.05,368.25,13527
AURUM,2019-06-07 00:00:00+05:30,365.3,367.45,360.2,362.5,32049
AURUM,2019-06-10 00:00:00+05:30,360.9,366.2,355.95,360.1,19949
AURUM,2019-06-11 00:00:00+05:30,363.8,365.3,358.15,360.3,37621
AURUM,2019-06-12 00:00:00+05:30,363.1,369.95,360.2,366.4,13600
AURUM,2019-06-13 00:00:00+05:30,364.05,367.3,358.75,361.85,14882
AURUM,2019-06-14 00:00:00+05:30,359.45,363.8,355.1,357.25,21133
AURUM,2019-06-17 00:00:00+05:30,357.85,366.75,357.25,361.4,14981
AURUM,2019-06-18 00:00:00+05:30,365.15,365.3,358.05,360.55,24656
AURUM,2019-06-19 00:00:00+05:30,358.75,364.85,357.5,360.5,29601
AURUM,2019-06-20 00:00:00+05:30,361.65,369.3,357.55,366.35,25288
AURUM,2019-06-21 00:00:00+05:30,360.2,380.85,360.2,378.7,39317
AURUM,2019-06-24 00:00:00+05:30,379.1,395.5,378.75,393.2,64347
AURUM,2019-06-25 00:00:00+05:30,392.2,395.35,384.95,386.45,21045
AURUM,2019-06-26 00:00:00+05:30,386.6,406.5,384.9,400.05,135493
AURUM,2019-06-27 00:00:00+05:30,400.95,403.3,388.85,390.85,31210
AURUM,2019-06-28 00:00:00+05:30,392.55,398.75,390.4,395.05,22115
AURUM,2019-07-01 00:00:00+05:30,395.85,407.5,395.8,403.5,48664
AURUM,2019-07-02 00:00:00+05:30,404.0,405.55,395.15,397.8,19542
AURUM,2019-07-03 00:00:00+05:30,396.55,400.05,387.1,390.7,17614
AURUM,2019-07-04 00:00:00+05:30,390.75,392.9,382.0,384.2,17411
AURUM,2019-07-05 00:00:00+05:30,382.0,382.05,368.9,378.0,54194
AURUM,2019-07-08 00:00:00+05:30,376.9,384.9,364.75,378.6,28636
AURUM,2019-07-09 00:00:00+05:30,379.1,406.4,379.1,403.3,166184
AURUM,2019-07-10 00:00:00+05:30,404.45,415.5,400.95,406.45,71231
AURUM,2019-07-11 00:00:00+05:30,405.65,423.5,397.35,418.2,181781
AURUM,2019-07-12 00:00:00+05:30,419.8,425.65,409.35,413.05,56982
AURUM,2019-07-15 00:00:00+05:30,413.05,427.2,411.8,416.25,94560
AURUM,2019-07-16 00:00:00+05:30,413.35,419.85,408.2,409.75,24216
AURUM,2019-07-17 00:00:00+05:30,411.1,412.55,398.0,399.55,34000
AURUM,2019-07-18 00:00:00+05:30,396.55,399.35,385.6,386.25,46183
AURUM,2019-07-19 00:00:00+05:30,386.25,392.95,385.05,386.25,30151
AURUM,2019-07-22 00:00:00+05:30,387.05,387.05,366.1,369.2,59587
AURUM,2019-07-23 00:00:00+05:30,367.45,373.35,360.9,368.35,55626
AURUM,2019-07-24 00:00:00+05:30,365.3,370.3,332.55,352.75,117164
AURUM,2019-07-25 00:00:00+05:30,352.2,367.25,347.8,351.15,41101
AURUM,2019-07-26 00:00:00+05:30,352.9,354.45,349.25,351.0,29131
AURUM,2019-07-29 00:00:00+05:30,352.1,353.6,338.7,341.5,24458
AURUM,2019-07-30 00:00:00+05:30,326.0,349.8,325.25,343.25,34778
AURUM,2019-07-31 00:00:00+05:30,343.45,347.25,331.9,339.65,33720
AURUM,2019-08-01 00:00:00+05:30,342.0,346.65,337.7,339.9,17816
AURUM,2019-08-02 00:00:00+05:30,338.35,338.45,327.45,329.2,51135
AURUM,2019-08-05 00:00:00+05:30,329.6,330.45,320.25,321.75,26004
AURUM,2019-08-06 00:00:00+05:30,315.8,327.45,315.8,323.75,16039
AURUM,2019-08-07 00:00:00+05:30,330.35,360.2,326.75,355.1,76190
AURUM,2019-08-08 00:00:00+05:30,356.55,356.55,335.45,341.7,88419
AURUM,2019-08-09 00:00:00+05:30,342.95,345.65,338.35,339.3,15039
AURUM,2019-08-13 00:00:00+05:30,339.9,342.0,324.15,324.7,26642
AURUM,2019-08-14 00:00:00+05:30,324.7,330.9,316.55,318.3,27960
AURUM,2019-08-16 00:00:00+05:30,313.65,317.2,301.95,304.9,66442
AURUM,2019-08-19 00:00:00+05:30,305.75,308.65,291.8,295.25,115441
AURUM,2019-08-20 00:00:00+05:30,297.4,301.55,296.15,298.2,27157
AURUM,2019-08-21 00:00:00+05:30,298.35,301.85,294.7,294.85,34247
AURUM,2019-08-22 00:00:00+05:30,295.7,308.5,290.55,303.7,173880
AURUM,2019-08-23 00:00:00+05:30,312.75,312.75,301.95,304.1,161171
AURUM,2019-08-26 00:00:00+05:30,305.0,316.5,300.5,305.2,13053
AURUM,2019-08-27 00:00:00+05:30,307.05,314.8,301.3,304.05,32475
AURUM,2019-08-28 00:00:00+05:30,304.25,309.3,304.15,306.65,12319
AURUM,2019-08-29 00:00:00+05:30,306.45,309.25,303.45,303.65,19629
AURUM,2019-08-30 00:00:00+05:30,306.25,316.15,298.35,308.35,22158
AURUM,2019-09-03 00:00:00+05:30,308.35,308.5,301.95,303.55,18681
AURUM,2019-09-04 00:00:00+05:30,305.0,306.35,298.35,300.35,31381
AURUM,2019-09-05 00:00:00+05:30,300.7,304.1,300.5,302.05,21021
AURUM,2019-09-06 00:00:00+05:30,303.45,314.65,301.95,306.75,26994
AURUM,2019-09-09 00:00:00+05:30,311.3,319.2,304.5,309.2,75747
AURUM,2019-09-11 00:00:00+05:30,310.7,314.4,305.05,307.3,35266
AURUM,2019-09-12 00:00:00+05:30,309.85,312.9,307.85,309.85,30942
AURUM,2019-09-13 00:00:00+05:30,309.45,318.8,306.05,312.0,21182
AURUM,2019-09-16 00:00:00+05:30,316.3,317.15,303.8,309.65,40709
AURUM,2019-09-17 00:00:00+05:30,308.05,311.35,305.3,307.8,132991
AURUM,2019-09-18 00:00:00+05:30,304.35,314.35,304.35,312.25,22702
AURUM,2019-09-19 00:00:00+05:30,311.5,311.75,305.6,306.15,13601
AURUM,2019-09-20 00:00:00+05:30,305.85,316.55,304.9,306.65,40792
AURUM,2019-09-23 00:00:00+05:30,312.9,312.9,304.15,304.45,24787
AURUM,2019-09-24 00:00:00+05:30,308.35,308.5,299.45,306.75,40532
AURUM,2019-09-25 00:00:00+05:30,308.15,327.4,305.85,316.95,129615
AURUM,2019-09-26 00:00:00+05:30,318.5,325.75,316.15,316.95,32053
AURUM,2019-09-27 00:00:00+05:30,319.35,320.15,314.55,318.4,13931
AURUM,2019-09-30 00:00:00+05:30,319.05,332.3,315.8,321.85,38093
AURUM,2019-10-01 00:00:00+05:30,323.7,325.65,319.2,323.75,46358
AURUM,2019-10-03 00:00:00+05:30,320.15,332.15,320.15,325.9,20953
AURUM,2019-10-04 00:00:00+05:30,326.15,336.15,322.2,324.7,18214
AURUM,2019-10-07 00:00:00+05:30,321.25,332.8,321.25,324.0,17579
AURUM,2019-10-09 00:00:00+05:30,322.75,324.95,313.6,314.65,14524
AURUM,2019-10-10 00:00:00+05:30,315.05,318.7,311.45,312.2,9407
AURUM,2019-10-11 00:00:00+05:30,314.2,316.0,307.6,308.75,6922
AURUM,2019-10-14 00:00:00+05:30,305.6,310.75,294.7,297.95,112310
AURUM,2019-10-15 00:00:00+05:30,296.25,301.15,294.7,296.8,20836
AURUM,2019-10-16 00:00:00+05:30,297.6,303.3,296.0,301.55,32339
AURUM,2019-10-17 00:00:00+05:30,301.25,307.15,298.75,305.65,25982
AURUM,2019-10-18 00:00:00+05:30,311.45,316.55,299.05,302.95,22629
AURUM,2019-10-22 00:00:00+05:30,311.45,311.45,298.65,300.1,17697
AURUM,2019-10-23 00:00:00+05:30,304.9,304.9,296.15,303.5,37911
AURUM,2019-10-24 00:00:00+05:30,300.5,304.9,297.6,303.35,22839
AURUM,2019-10-25 00:00:00+05:30,303.35,303.35,296.5,297.65,22934
AURUM,2019-10-27 00:00:00+05:30,294.75,301.2,294.75,299.35,5356
AURUM,2019-10-29 00:00:00+05:30,301.95,307.6,297.55,304.25,60617
AURUM,2019-10-30 00:00:00+05:30,305.45,311.3,299.8,300.5,39883
AURUM,2019-10-31 00:00:00+05:30,304.15,311.25,300.5,309.6,50839
AURUM,2019-11-01 00:00:00+05:30,310.55,315.85,307.3,312.6,19815
AURUM,2019-11-04 00:00:00+05:30,313.3,316.15,303.8,305.1,16553
AURUM,2019-11-05 00:00:00+05:30,304.15,312.9,302.7,307.2,14859
AURUM,2019-11-06 00:00:00+05:30,304.15,310.7,301.95,307.75,25636
AURUM,2019-11-07 00:00:00+05:30,307.6,309.25,304.2,305.7,29336
AURUM,2019-11-08 00:00:00+05:30,306.1,312.9,305.3,308.4,10889
AURUM,2019-11-11 00:00:00+05:30,309.25,309.25,299.05,300.05,156167
AURUM,2019-11-13 00:00:00+05:30,299.05,302.0,296.9,298.65,32673
AURUM,2019-11-14 00:00:00+05:30,298.35,303.55,293.25,295.35,20661
AURUM,2019-11-15 00:00:00+05:30,295.4,301.4,291.45,298.5,51340
AURUM,2019-11-18 00:00:00+05:30,300.5,303.45,293.95,295.0,14353
AURUM,2019-11-19 00:00:00+05:30,295.4,298.0,291.05,296.5,18466
AURUM,2019-11-20 00:00:00+05:30,300.1,301.95,288.0,300.65,37992
AURUM,2019-11-21 00:00:00+05:30,301.2,328.85,300.15,317.7,185155
AURUM,2019-11-22 00:00:00+05:30,316.35,321.6,307.9,316.65,63178
AURUM,2019-11-25 00:00:00+05:30,309.25,324.55,309.25,317.85,39679
AURUM,2019-11-26 00:00:00+05:30,317.25,330.65,313.4,316.55,99991
AURUM,2019-11-27 00:00:00+05:30,320.75,320.75,308.45,310.05,19607
AURUM,2019-11-28 00:00:00+05:30,310.0,317.9,304.15,306.1,108759
AURUM,2019-11-29 00:00:00+05:30,305.6,306.3,297.35,299.3,34671
AURUM,2019-12-02 00:00:00+05:30,299.3,299.5,294.7,298.3,32356
AURUM,2019-12-03 00:00:00+05:30,296.05,307.25,295.3,302.0,53191
AURUM,2019-12-04 00:00:00+05:30,302.8,304.8,296.1,297.4,14785
AURUM,2019-12-05 00:00:00+05:30,303.45,303.45,295.45,299.1,15528
AURUM,2019-12-06 00:00:00+05:30,299.8,299.8,292.5,293.6,26895
AURUM,2019-12-09 00:00:00+05:30,292.5,299.05,291.15,292.1,33826
AURUM,2019-12-10 00:00:00+05:30,291.05,293.8,287.5,288.35,20959
AURUM,2019-12-11 00:00:00+05:30,290.8,295.95,283.8,291.65,42537
AURUM,2019-12-12 00:00:00+05:30,294.7,294.7,287.45,289.4,17062
AURUM,2019-12-13 00:00:00+05:30,294.45,299.4,288.9,290.75,41834
AURUM,2019-12-16 00:00:00+05:30,291.7,301.7,288.3,290.65,113837
AURUM,2019-12-17 00:00:00+05:30,291.05,295.85,289.6,293.1,52495
AURUM,2019-12-18 00:00:00+05:30,292.6,294.65,283.15,284.35,49043
AURUM,2019-12-19 00:00:00+05:30,282.35,286.45,276.6,278.6,60657
AURUM,2019-12-20 00:00:00+05:30,279.0,282.0,269.4,272.7,56108
AURUM,2019-12-23 00:00:00+05:30,269.45,277.95,264.85,273.75,55425
AURUM,2019-12-24 00:00:00+05:30,271.0,276.45,270.75,272.55,23224
AURUM,2019-12-26 00:00:00+05:30,272.85,280.25,272.45,276.85,56407
AURUM,2019-12-27 00:00:00+05:30,273.65,280.35,269.25,274.6,40524
AURUM,2019-12-30 00:00:00+05:30,271.4,280.0,271.4,276.7,16160
AURUM,2019-12-31 00:00:00+05:30,274.3,279.25,273.25,276.95,21645
AURUM,2020-01-01 00:00:00+05:30,276.95,277.65,273.1,273.9,17526
AURUM,2020-01-02 00:00:00+05:30,276.5,280.75,273.45,279.55,33083
AURUM,2020-01-03 00:00:00+05:30,279.55,294.3,273.6,286.75,60465
AURUM,2020-01-06 00:00:00+05:30,284.65,290.35,278.7,279.8,11352
AURUM,2020-01-07 00:00:00+05:30,278.0,284.6,278.0,279.5,10634
AURUM,2020-01-08 00:00:00+05:30,280.85,289.55,276.15,278.05,36824
AURUM,2020-01-09 00:00:00+05:30,288.1,288.1,278.85,281.5,19232
AURUM,2020-01-10 00:00:00+05:30,281.65,287.25,278.7,283.8,26462
AURUM,2020-01-13 00:00:00+05:30,284.15,290.35,283.8,286.45,25349
AURUM,2020-01-14 00:00:00+05:30,287.4,309.25,287.4,306.7,125752
AURUM,2020-01-15 00:00:00+05:30,303.45,315.6,303.45,310.05,24259
AURUM,2020-01-16 00:00:00+05:30,310.05,314.85,305.8,307.6,30449
AURUM,2020-01-17 00:00:00+05:30,305.6,308.0,301.35,302.55,11742
AURUM,2020-01-20 00:00:00+05:30,302.75,302.75,294.7,297.7,17133
AURUM,2020-01-21 00:00:00+05:30,292.7,296.5,291.95,293.3,10149
AURUM,2020-01-22 00:00:00+05:30,294.7,298.4,286.7,292.1,23046
AURUM,2020-01-23 00:00:00+05:30,293.25,297.55,288.2,289.0,14221
AURUM,2020-01-24 00:00:00+05:30,289.6,303.45,287.5,298.1,49464
AURUM,2020-01-27 00:00:00+05:30,298.25,301.95,295.4,300.8,38304
AURUM,2020-01-28 00:00:00+05:30,300.75,301.95,296.9,298.65,10610
AURUM,2020-01-29 00:00:00+05:30,301.45,301.45,294.0,295.55,200054
AURUM,2020-01-30 00:00:00+05:30,296.9,296.9,281.3,282.45,36468
AURUM,2020-01-31 00:00:00+05:30,283.8,289.9,280.85,286.5,23998
AURUM,2020-02-01 00:00:00+05:30,281.6,288.05,276.5,278.8,18160
AURUM,2020-02-03 00:00:00+05:30,274.3,283.55,274.0,279.2,14606
AURUM,2020-02-04 00:00:00+05:30,287.8,301.95,287.8,292.45,62798
AURUM,2020-02-05 00:00:00+05:30,292.9,294.7,284.9,289.15,13693
AURUM,2020-02-06 00:00:00+05:30,285.3,300.5,285.3,296.75,27384
AURUM,2020-02-07 00:00:00+05:30,296.9,301.25,290.35,296.35,26264
AURUM,2020-02-10 00:00:00+05:30,296.35,328.85,292.75,309.85,419229
AURUM,2020-02-11 00:00:00+05:30,307.8,312.85,301.25,303.55,57075
AURUM,2020-02-12 00:00:00+05:30,305.4,311.7,303.55,305.95,37110
AURUM,2020-02-13 00:00:00+05:30,302.05,312.75,294.7,296.4,15042
AURUM,2020-02-14 00:00:00+05:30,296.1,306.35,291.85,294.05,28480
AURUM,2020-02-17 00:00:00+05:30,300.5,300.5,287.9,291.55,13882
AURUM,2020-02-18 00:00:00+05:30,291.0,294.5,288.3,289.55,26991
AURUM,2020-02-19 00:00:00+05:30,294.85,294.85,287.55,289.7,12891
AURUM,2020-02-20 00:00:00+05:30,289.6,293.9,285.65,287.05,23888
AURUM,2020-02-24 00:00:00+05:30,280.85,287.0,278.4,279.5,30189
AURUM,2020-02-25 00:00:00+05:30,281.05,282.9,277.3,278.1,13505
AURUM,2020-02-26 00:00:00+05:30,277.4,282.3,277.25,277.75,16230
AURUM,2020-02-27 00:00:00+05:30,277.25,277.5,268.45,273.2,22769
AURUM,2020-02-28 00:00:00+05:30,267.9,269.9,261.35,266.05,40792
AURUM,2020-03-02 00:00:00+05:30,269.15,296.6,262.7,277.35,29852
AURUM,2020-03-03 00:00:00+05:30,278.7,282.2,271.0,275.15,13834
AURUM,2020-03-04 00:00:00+05:30,274.3,277.6,267.0,269.35,7935
AURUM,2020-03-05 00:00:00+05:30,269.3,272.5,265.25,270.15,14625
AURUM,2020-03-06 00:00:00+05:30,267.8,283.8,261.95,280.45,29143
AURUM,2020-03-09 00:00:00+05:30,279.4,280.15,261.95,272.2,73890
AURUM,2020-03-11 00:00:00+05:30,278.3,278.3,235.75,257.35,63137
AURUM,2020-03-12 00:00:00+05:30,251.05,251.05,216.45,220.75,51950
AURUM,2020-03-13 00:00:00+05:30,200.1,240.1,183.35,226.85,58950
AURUM,2020-03-16 00:00:00+05:30,211.0,224.1,198.0,206.0,41134
AURUM,2020-03-17 00:00:00+05:30,205.75,205.9,175.35,190.7,53826
AURUM,2020-03-18 00:00:00+05:30,199.35,199.35,160.1,178.3,38530
AURUM,2020-03-19 00:00:00+05:30,161.85,174.65,152.8,159.8,36049
AURUM,2020-03-20 00:00:00+05:30,162.25,164.45,148.5,152.3,62720
AURUM,2020-03-23 00:00:00+05:30,142.25,152.1,135.8,135.8,17397
AURUM,2020-03-24 00:00:00+05:30,145.45,145.45,122.2,129.9,54385
AURUM,2020-03-25 00:00:00+05:30,131.0,142.85,123.35,142.85,18384
AURUM,2020-03-26 00:00:00+05:30,148.75,156.45,141.15,146.6,24146
AURUM,2020-03-27 00:00:00+05:30,160.1,160.8,147.0,159.15,34576
AURUM,2020-03-30 00:00:00+05:30,152.8,175.05,152.8,169.45,42791
AURUM,2020-03-31 00:00:00+05:30,175.4,186.3,170.05,185.2,71797
AURUM,2020-04-01 00:00:00+05:30,184.8,194.45,176.0,176.25,9954
AURUM,2020-04-03 00:00:00+05:30,181.75,184.7,167.45,167.45,8863
AURUM,2020-04-07 00:00:00+05:30,161.85,175.85,161.85,175.85,23615
AURUM,2020-04-08 00:00:00+05:30,183.35,184.6,170.55,184.5,20371
AURUM,2020-04-09 00:00:00+05:30,184.5,193.7,181.9,190.9,18372
AURUM,2020-04-13 00:00:00+05:30,198.95,200.45,189.2,196.75,9569
AURUM,2020-04-15 00:00:00+05:30,193.55,206.3,192.1,201.8,27508
AURUM,2020-04-16 00:00:00+05:30,199.35,206.7,194.25,197.65,24058
AURUM,2020-04-17 00:00:00+05:30,202.3,205.15,198.65,199.15,8552
AURUM,2020-04-20 00:00:00+05:30,197.15,207.5,194.6,205.05,22533
AURUM,2020-04-21 00:00:00+05:30,207.4,207.4,194.85,194.85,5022
AURUM,2020-04-22 00:00:00+05:30,185.6,189.2,185.1,185.1,14871
AURUM,2020-04-23 00:00:00+05:30,175.85,175.85,175.85,175.85,5973
AURUM,2020-04-24 00:00:00+05:30,168.1,180.4,168.1,171.35,95806
AURUM,2020-04-27 00:00:00+05:30,174.6,179.45,169.75,175.05,17873
AURUM,2020-04-28 00:00:00+05:30,176.15,182.65,176.1,179.45,15204
AURUM,2020-04-29 00:00:00+05:30,179.45,188.4,176.25,188.4,18921
AURUM,2020-04-30 00:00:00+05:30,197.2,197.8,190.65,194.1,97201
AURUM,2020-05-04 00:00:00+05:30,192.1,192.1,184.4,184.55,10313
AURUM,2020-05-05 00:00:00+05:30,189.2,192.85,176.1,190.3,1189926
AURUM,2020-05-06 00:00:00+05:30,190.3,199.8,190.25,199.0,67661
AURUM,2020-05-07 00:00:00+05:30,201.45,208.95,201.45,207.8,44316
AURUM,2020-05-08 00:00:00+05:30,210.0,218.15,210.0,218.15,39866
AURUM,2020-05-11 00:00:00+05:30,229.05,229.05,207.8,209.5,28834
AURUM,2020-05-12 00:00:00+05:30,211.75,213.2,200.1,208.5,34882
AURUM,2020-05-13 00:00:00+05:30,214.6,214.6,205.2,210.25,9197
AURUM,2020-05-14 00:00:00+05:30,206.3,209.35,200.85,207.45,2813
AURUM,2020-05-15 00:00:00+05:30,208.1,217.55,199.45,213.0,12671
AURUM,2020-05-18 00:00:00+05:30,215.4,218.25,203.6,205.1,5015
AURUM,2020-05-19 00:00:00+05:30,210.3,215.25,204.55,209.0,29990
AURUM,2020-05-20 00:00:00+05:30,216.1,216.1,208.1,209.3,2284
AURUM,2020-05-21 00:00:00+05:30,213.9,213.9,206.65,208.05,6041
AURUM,2020-05-22 00:00:00+05:30,210.3,210.3,203.75,204.6,5066
AURUM,2020-05-26 00:00:00+05:30,213.2,213.2,197.25,203.1,7548
AURUM,2020-05-27 00:00:00+05:30,208.05,210.3,197.5,208.5,8655
AURUM,2020-05-28 00:00:00+05:30,213.8,218.9,208.85,217.2,15809
AURUM,2020-05-29 00:00:00+05:30,214.65,228.05,211.0,228.05,106302
AURUM,2020-06-01 00:00:00+05:30,239.45,239.45,239.35,239.45,11849
AURUM,2020-06-02 00:00:00+05:30,251.4,251.4,233.15,251.4,72834
AURUM,2020-06-03 00:00:00+05:30,263.35,263.95,261.95,263.95,41787
AURUM,2020-06-04 00:00:00+05:30,261.95,276.35,251.15,259.55,35122
AURUM,2020-06-05 00:00:00+05:30,262.7,262.7,252.6,258.0,20489
AURUM,2020-06-08 00:00:00+05:30,261.9,270.9,258.5,266.7,26413
AURUM,2020-06-09 00:00:00+05:30,262.85,272.85,262.65,268.8,26553
AURUM,2020-06-10 00:00:00+05:30,272.85,272.85,258.7,259.65,19602
AURUM,2020-06-11 00:00:00+05:30,260.45,264.85,255.1,256.65,9796
AURUM,2020-06-12 00:00:00+05:30,247.05,269.25,246.3,263.75,22141
AURUM,2020-06-15 00:00:00+05:30,263.4,275.05,257.5,259.0,32402
AURUM,2020-06-16 00:00:00+05:30,258.95,268.35,251.75,256.0,23300
AURUM,2020-06-17 00:00:00+05:30,257.6,263.25,253.2,255.75,8293
AURUM,2020-06-18 00:00:00+05:30,251.45,259.05,251.4,255.25,6988
AURUM,2020-06-19 00:00:00+05:30,256.4,259.75,255.45,259.1,7203
AURUM,2020-06-22 00:00:00+05:30,259.2,259.75,251.8,253.75,24524
AURUM,2020-06-23 00:00:00+05:30,260.4,260.4,251.05,253.65,14251
AURUM,2020-06-24 00:00:00+05:30,256.5,257.45,248.85,252.0,15685
AURUM,2020-06-25 00:00:00+05:30,248.9,256.45,247.4,251.55,26290
AURUM,2020-06-26 00:00:00+05:30,251.8,264.1,251.05,263.45,66013
AURUM,2020-06-29 00:00:00+05:30,263.45,272.85,257.55,264.4,24028
AURUM,2020-06-30 00:00:00+05:30,264.5,270.25,258.4,261.85,18447
AURUM,2020-07-01 00:00:00+05:30,264.95,274.3,258.4,265.35,23602
AURUM,2020-07-02 00:00:00+05:30,265.4,275.0,265.4,270.35,19566
AURUM,2020-07-03 00:00:00+05:30,273.4,276.5,269.95,270.75,5609
AURUM,2020-07-06 00:00:00+05:30,271.3,276.1,264.85,267.4,17816
AURUM,2020-07-07 00:00:00+05:30,270.7,270.7,259.05,261.3,13885
AURUM,2020-07-08 00:00:00+05:30,262.15,269.65,262.15,267.9,14121
AURUM,2020-07-09 00:00:00+05:30,272.3,272.3,261.95,266.55,12685
AURUM,2020-07-10 00:00:00+05:30,265.9,266.55,260.45,262.0,12708
AURUM,2020-07-13 00:00:00+05:30,267.1,268.45,250.25,256.85,27059
AURUM,2020-07-14 00:00:00+05:30,264.1,264.1,251.75,258.2,14654
AURUM,2020-07-15 00:00:00+05:30,262.7,264.9,257.6,260.35,73851
AURUM,2020-07-16 00:00:00+05:30,269.25,269.95,263.8,266.85,39705
AURUM,2020-07-17 00:00:00+05:30,269.9,272.15,263.75,267.7,24530
AURUM,2020-07-20 00:00:00+05:30,272.15,281.05,263.1,281.05,62851
AURUM,2020-07-21 00:00:00+05:30,295.1,295.1,295.1,295.1,7214
AURUM,2020-07-22 00:00:00+05:30,309.85,309.85,309.85,309.85,3242
AURUM,2020-07-23 00:00:00+05:30,325.3,325.3,325.3,325.3,3745
AURUM,2020-07-24 00:00:00+05:30,341.55,341.55,341.55,341.55,7313
AURUM,2020-07-27 00:00:00+05:30,358.6,358.6,358.6,358.6,8529
AURUM,2020-07-28 00:00:00+05:30,376.5,376.5,376.5,376.5,4945
AURUM,2020-07-29 00:00:00+05:30,395.35,395.35,395.35,395.35,11207
AURUM,2020-07-30 00:00:00+05:30,415.1,415.1,415.1,415.1,7842
AURUM,2020-07-31 00:00:00+05:30,435.8,435.8,421.2,435.8,1042209
AURUM,2020-08-03 00:00:00+05:30,457.6,457.6,435.8,457.6,754612
AURUM,2020-08-04 00:00:00+05:30,465.65,480.45,459.5,479.75,634465
AURUM,2020-08-05 00:00:00+05:30,489.65,490.95,455.8,459.2,778116
AURUM,2020-08-06 00:00:00+05:30,457.05,457.05,439.5,448.7,446589
AURUM,2020-08-07 00:00:00+05:30,446.05,471.1,446.05,470.8,319885
AURUM,2020-08-10 00:00:00+05:30,494.35,494.35,494.35,494.35,67215
AURUM,2020-08-11 00:00:00+05:30,519.05,519.05,519.05,519.05,34496
AURUM,2020-08-12 00:00:00+05:30,544.95,544.95,544.95,544.95,19351
AURUM,2020-08-13 00:00:00+05:30,572.2,572.2,550.4,569.7,1369420
AURUM,2020-08-14 00:00:00+05:30,582.1,583.55,553.0,564.2,400316
AURUM,2020-08-17 00:00:00+05:30,560.3,563.05,547.2,551.65,156308
AURUM,2020-08-18 00:00:00+05:30,554.45,566.85,533.0,538.0,225818
AURUM,2020-08-19 00:00:00+05:30,539.55,555.9,533.5,536.4,131068
AURUM,2020-08-20 00:00:00+05:30,538.4,556.2,535.55,553.8,536762
AURUM,2020-08-21 00:00:00+05:30,555.85,556.65,544.55,545.6,201224
AURUM,2020-08-24 00:00:00+05:30,549.75,553.0,540.2,546.3,164543
AURUM,2020-08-25 00:00:00+05:30,546.6,550.85,545.0,545.6,113404
AURUM,2020-08-26 00:00:00+05:30,548.65,572.85,544.25,562.85,592506
AURUM,2020-08-27 00:00:00+05:30,564.0,573.4,561.0,571.9,209608
AURUM,2020-08-28 00:00:00+05:30,574.05,579.7,563.25,568.45,373741
AURUM,2020-08-31 00:00:00+05:30,563.95,570.4,545.8,549.55,115816
AURUM,2020-09-01 00:00:00+05:30,556.65,560.1,540.65,544.2,47984
AURUM,2020-09-02 00:00:00+05:30,542.1,571.4,542.1,567.15,184663
AURUM,2020-09-03 00:00:00+05:30,570.45,570.45,551.55,553.7,69553
AURUM,2020-09-04 00:00:00+05:30,543.45,558.85,543.45,549.35,98471
AURUM,2020-09-07 00:00:00+05:30,554.9,563.5,547.55,551.0,40432
AURUM,2020-09-08 00:00:00+05:30,549.35,558.85,549.35,550.15,60641
AURUM,2020-09-09 00:00:00+05:30,548.65,552.95,545.0,546.0,63517
AURUM,2020-09-10 00:00:00+05:30,550.85,553.0,544.7,548.15,38127
AURUM,2020-09-11 00:00:00+05:30,552.0,570.45,547.5,561.0,148108
AURUM,2020-09-14 00:00:00+05:30,566.85,569.75,550.1,559.8,200154
AURUM,2020-09-15 00:00:00+05:30,564.85,564.85,550.1,557.2,61852
AURUM,2020-09-16 00:00:00+05:30,563.2,566.05,550.85,561.35,170468
AURUM,2020-09-17 00:00:00+05:30,553.9,563.8,553.35,553.95,57727
AURUM,2020-09-18 00:00:00+05:30,558.55,560.3,549.35,550.75,44647
AURUM,2020-09-21 00:00:00+05:30,558.85,565.4,549.1,556.45,145428
AURUM,2020-09-22 00:00:00+05:30,580.65,581.3,562.2,565.95,626870
AURUM,2020-09-23 00:00:00+05:30,569.95,594.25,569.5,593.4,451382
AURUM,2020-09-24 00:00:00+05:30,594.5,614.85,586.25,597.45,413306
AURUM,2020-09-25 00:00:00+05:30,610.4,610.8,592.75,608.6,145027
AURUM,2020-09-28 00:00:00+05:30,611.2,611.2,596.7,601.5,152187
AURUM,2020-09-29 00:00:00+05:30,604.0,611.2,599.05,600.95,142640
AURUM,2020-09-30 00:00:00+05:30,603.55,610.5,599.6,604.05,240294
AURUM,2020-10-01 00:00:00+05:30,606.85,608.3,590.9,596.85,270933
AURUM,2020-10-05 00:00:00+05:30,600.95,605.7,589.4,596.3,156991
AURUM,2020-10-06 00:00:00+05:30,626.1,626.1,615.6,626.1,503692
AURUM,2020-10-07 00:00:00+05:30,640.35,643.55,611.95,616.8,517458
AURUM,2020-10-08 00:00:00+05:30,631.6,631.6,586.5,616.95,1001846
AURUM,2020-10-09 00:00:00+05:30,614.85,647.55,614.85,638.1,1056283
AURUM,2020-10-12 00:00:00+05:30,646.1,661.25,636.7,641.75,497102
AURUM,2020-10-13 00:00:00+05:30,643.85,654.8,633.1,651.5,388775
AURUM,2020-10-14 00:00:00+05:30,654.9,657.4,642.15,644.1,286847
AURUM,2020-10-15 00:00:00+05:30,644.7,647.65,636.85,639.95,295467
AURUM,2020-10-16 00:00:00+05:30,640.35,643.9,636.6,640.55,383411
AURUM,2020-10-19 00:00:00+05:30,646.6,653.15,639.15,640.75,358327
AURUM,2020-10-20 00:00:00+05:30,640.65,643.45,639.0,640.45,139226
AURUM,2020-10-21 00:00:00+05:30,639.6,641.6,637.4,637.95,184861
AURUM,2020-10-22 00:00:00+05:30,635.4,643.95,635.4,638.45,94273
AURUM,2020-10-23 00:00:00+05:30,636.9,642.85,636.9,641.3,76265
AURUM,2020-10-26 00:00:00+05:30,641.8,653.05,640.35,649.3,170473
AURUM,2020-10-27 00:00:00+05:30,646.9,654.9,644.7,653.1,329768
AURUM,2020-10-28 00:00:00+05:30,651.3,657.05,651.3,656.5,158312
AURUM,2020-10-29 00:00:00+05:30,655.6,671.6,654.9,668.75,1416270
AURUM,2020-10-30 00:00:00+05:30,669.5,676.65,662.35,669.85,626476
AURUM,2020-11-02 00:00:00+05:30,669.5,672.05,659.4,669.0,232087
AURUM,2020-11-03 00:00:00+05:30,666.7,678.0,663.0,672.4,396662
AURUM,2020-11-04 00:00:00+05:30,676.7,680.35,670.25,672.8,198876
AURUM,2020-11-05 00:00:00+05:30,674.55,676.6,671.6,675.05,112919
AURUM,2020-11-06 00:00:00+05:30,676.7,677.75,673.05,674.25,146631
AURUM,2020-11-09 00:00:00+05:30,674.25,676.4,671.6,672.4,81067
AURUM,2020-11-10 00:00:00+05:30,676.7,676.75,669.45,669.75,118331
AURUM,2020-11-11 00:00:00+05:30,673.05,673.05,663.45,667.8,103596
AURUM,2020-11-12 00:00:00+05:30,665.0,667.25,662.25,665.75,80673
AURUM,2020-11-13 00:00:00+05:30,662.15,672.35,662.15,665.45,55643
AURUM,2020-11-14 00:00:00+05:30,665.85,676.7,664.8,672.35,32095
AURUM,2020-11-17 00:00:00+05:30,672.35,672.35,667.3,668.1,136218
AURUM,2020-11-18 00:00:00+05:30,669.45,669.45,665.95,668.25,359406
AURUM,2020-11-19 00:00:00+05:30,670.15,675.25,667.25,673.75,562879
AURUM,2020-11-20 00:00:00+05:30,673.8,684.0,672.3,680.35,146308
AURUM,2020-11-23 00:00:00+05:30,684.0,692.7,681.5,684.25,349492
AURUM,2020-11-24 00:00:00+05:30,684.7,689.35,681.8,683.9,699680
AURUM,2020-11-25 00:00:00+05:30,684.0,706.85,683.5,697.3,917478
AURUM,2020-11-26 00:00:00+05:30,702.9,702.9,690.45,697.0,338518
AURUM,2020-11-27 00:00:00+05:30,698.45,698.45,692.05,693.1,695468
AURUM,2020-12-01 00:00:00+05:30,692.7,707.25,692.7,706.05,379299
AURUM,2020-12-02 00:00:00+05:30,705.45,707.25,698.7,705.4,412524
AURUM,2020-12-03 00:00:00+05:30,705.8,710.35,703.05,709.4,334379
AURUM,2020-12-04 00:00:00+05:30,708.9,715.7,707.5,713.5,477923
AURUM,2020-12-07 00:00:00+05:30,713.8,717.6,713.4,716.5,557280
AURUM,2020-12-08 00:00:00+05:30,716.0,716.2,703.65,711.4,546232
AURUM,2020-12-09 00:00:00+05:30,716.75,716.75,706.6,711.55,392507
AURUM,2020-12-10 00:00:00+05:30,713.0,713.0,704.75,710.55,282602
AURUM,2020-12-11 00:00:00+05:30,714.2,724.0,714.2,720.25,734102
AURUM,2020-12-14 00:00:00+05:30,728.35,728.35,704.35,707.25,589957
AURUM,2020-12-15 00:00:00+05:30,734.8,734.85,709.6,714.8,14640976
AURUM,2020-12-16 00:00:00+05:30,720.0,720.2,709.2,709.55,4323625
AURUM,2020-12-17 00:00:00+05:30,708.85,708.85,700.7,704.1,2889590
AURUM,2020-12-18 00:00:00+05:30,703.65,709.45,702.25,708.6,3819839
AURUM,2020-12-21 00:00:00+05:30,708.75,711.25,706.55,709.95,2620550
AURUM,2020-12-22 00:00:00+05:30,709.45,718.2,708.75,717.2,1826527
AURUM,2020-12-23 00:00:00+05:30,8.9,8.9,8.9,8.9,64927
AURUM,2020-12-24 00:00:00+05:30,9.3,9.3,9.3,9.3,13542
AURUM,2020-12-28 00:00:00+05:30,9.75,9.75,9.75,9.75,21084
AURUM,2020-12-29 00:00:00+05:30,10.2,10.2,10.2,10.2,29076
AURUM,2020-12-30 00:00:00+05:30,10.75,10.75,10.75,10.75,25433
AURUM,2020-12-31 00:00:00+05:30,11.25,11.25,11.25,11.25,71682
AURUM,2021-01-01 00:00:00+05:30,11.8,11.8,11.8,11.8,11830
AURUM,2021-01-04 00:00:00+05:30,12.35,12.35,12.35,12.35,8228
AURUM,2021-01-05 00:00:00+05:30,13.0,13.0,13.0,13.0,27313
AURUM,2021-01-06 00:00:00+05:30,13.6,13.6,13.6,13.6,150580
AURUM,2021-01-07 00:00:00+05:30,14.25,14.25,14.25,14.25,171383
AURUM,2021-01-08 00:00:00+05:30,14.95,14.95,14.95,14.95,97601
AURUM,2021-01-11 00:00:00+05:30,15.7,15.7,15.7,15.7,113742
AURUM,2021-01-12 00:00:00+05:30,16.45,16.45,16.45,16.45,17073
AURUM,2021-01-13 00:00:00+05:30,17.25,17.25,17.25,17.25,25242
AURUM,2021-01-14 00:00:00+05:30,18.1,18.1,18.1,18.1,115134
AURUM,2021-01-15 00:00:00+05:30,18.95,18.95,18.95,18.95,77461
AURUM,2021-01-18 00:00:00+05:30,19.9,19.9,19.9,19.9,4502
AURUM,2021-01-19 00:00:00+05:30,20.9,20.9,20.9,20.9,6786
AURUM,2021-01-20 00:00:00+05:30,21.9,21.9,21.9,21.9,2832
AURUM,2021-01-21 00:00:00+05:30,23.0,23.0,23.0,23.0,20433
AURUM,2021-01-22 00:00:00+05:30,24.1,24.1,24.1,24.1,5668
AURUM,2021-01-25 00:00:00+05:30,25.3,25.3,25.3,25.3,96309
AURUM,2021-01-27 00:00:00+05:30,26.55,26.55,26.55,26.55,805276
AURUM,2021-01-28 00:00:00+05:30,27.85,27.85,27.85,27.85,448463
AURUM,2021-01-29 00:00:00+05:30,29.25,29.25,29.25,29.25,286750
AURUM,2021-02-01 00:00:00+05:30,30.7,30.7,30.7,30.7,100726
AURUM,2021-02-02 00:00:00+05:30,32.25,32.25,31.85,32.25,6014706
AURUM,2021-02-03 00:00:00+05:30,33.85,33.85,33.85,33.85,492435
AURUM,2021-02-04 00:00:00+05:30,35.5,35.5,35.5,35.5,989634
AURUM,2021-02-05 00:00:00+05:30,37.25,37.25,37.25,37.25,270606
AURUM,2021-02-08 00:00:00+05:30,39.1,39.1,39.1,39.1,122164
AURUM,2021-02-09 00:00:00+05:30,40.0,41.05,39.1,41.05,6717074
AURUM,2021-02-10 00:00:00+05:30,43.1,43.1,43.1,43.1,1112250
AURUM,2021-02-11 00:00:00+05:30,45.2,45.2,44.55,45.2,4215047
AURUM,2021-02-12 00:00:00+05:30,47.5,47.5,47.5,47.5,304309
AURUM,2021-02-15 00:00:00+05:30,49.85,49.85,49.85,49.85,227568
AURUM,2021-02-16 00:00:00+05:30,52.3,52.3,52.3,52.3,268069
AURUM,2021-02-17 00:00:00+05:30,54.9,54.9,54.9,54.9,852637
AURUM,2021-02-18 00:00:00+05:30,57.65,57.65,57.65,57.65,640028
AURUM,2021-02-19 00:00:00+05:30,60.4,60.5,58.95,60.5,3642755
AURUM,2021-02-22 00:00:00+05:30,63.5,63.5,63.5,63.5,1077995
AURUM,2021-02-23 00:00:00+05:30,66.7,66.7,66.7,66.7,1046275
AURUM,2021-02-24 00:00:00+05:30,70.0,70.0,70.0,70.0,208834
AURUM,2021-02-25 00:00:00+05:30,73.5,73.5,73.5,73.5,173182
AURUM,2021-02-26 00:00:00+05:30,77.15,77.15,77.15,77.15,248313
AURUM,2021-03-01 00:00:00+05:30,81.0,81.0,81.0,81.0,194162
AURUM,2021-03-02 00:00:00+05:30,85.05,85.05,85.05,85.05,98702
AURUM,2021-03-03 00:00:00+05:30,89.3,89.3,80.85,80.85,4132283
AURUM,2021-03-04 00:00:00+05:30,76.8,76.8,76.8,76.8,357357
AURUM,2021-03-05 00:00:00+05:30,73.0,73.0,73.0,73.0,173696
AURUM,2021-03-08 00:00:00+05:30,69.35,69.35,69.35,69.35,132176
AURUM,2021-03-09 00:00:00+05:30,65.9,65.9,65.9,65.9,81958
AURUM,2021-03-10 00:00:00+05:30,62.6,62.6,62.6,62.6,95603
AURUM,2021-03-12 00:00:00+05:30,59.5,59.5,59.5,59.5,91883
AURUM,2021-03-15 00:00:00+05:30,56.55,56.55,56.55,56.55,69960
AURUM,2021-03-16 00:00:00+05:30,53.75,53.75,53.75,53.75,77512
AURUM,2021-03-17 00:00:00+05:30,51.1,51.1,51.1,51.1,56217
AURUM,2021-03-18 00:00:00+05:30,48.55,48.55,48.55,48.55,61995
AURUM,2021-03-19 00:00:00+05:30,46.15,46.15,46.15,46.15,74903
AURUM,2021-03-22 00:00:00+05:30,48.4,48.4,48.4,48.4,2596215
AURUM,2021-03-23 00:00:00+05:30,50.85,50.85,50.85,50.85,186955
AURUM,2021-03-24 00:00:00+05:30,53.35,53.35,49.9,53.35,5101162
AURUM,2021-03-25 00:00:00+05:30,52.3,52.3,50.7,50.7,761539
AURUM,2021-03-26 00:00:00+05:30,49.15,50.7,48.15,49.5,2273908
AURUM,2021-03-30 00:00:00+05:30,48.75,48.75,47.0,47.4,1314346
AURUM,2021-03-31 00:00:00+05:30,46.0,48.55,46.0,48.0,733032
AURUM,2021-04-01 00:00:00+05:30,48.05,50.35,47.3,50.3,756523
AURUM,2021-04-05 00:00:00+05:30,50.3,51.25,48.3,50.15,659198
AURUM,2021-04-06 00:00:00+05:30,50.15,50.4,49.15,49.65,368880
AURUM,2021-04-07 00:00:00+05:30,49.65,50.1,48.75,49.35,620968
AURUM,2021-04-08 00:00:00+05:30,49.75,49.85,48.8,49.5,293328
AURUM,2021-04-09 00:00:00+05:30,49.5,49.8,48.85,49.1,261847
AURUM,2021-04-12 00:00:00+05:30,48.8,48.95,47.35,48.2,651438
AURUM,2021-04-13 00:00:00+05:30,47.8,48.75,47.8,48.6,288872
AURUM,2021-04-15 00:00:00+05:30,48.15,48.6,48.15,48.45,240162
AURUM,2021-04-16 00:00:00+05:30,48.4,48.75,48.4,48.65,227199
AURUM,2021-04-19 00:00:00+05:30,48.3,51.05,47.35,51.05,864262
AURUM,2021-04-20 00:00:00+05:30,53.0,53.5,49.25,53.25,704725
AURUM,2021-04-22 00:00:00+05:30,50.9,52.95,50.9,52.35,557753
AURUM,2021-04-23 00:00:00+05:30,52.05,52.35,50.95,51.1,396491
AURUM,2021-04-26 00:00:00+05:30,50.95,53.05,50.25,52.05,349228
AURUM,2021-04-27 00:00:00+05:30,52.35,52.9,51.05,52.05,493195
AURUM,2021-04-28 00:00:00+05:30,52.05,52.75,52.05,52.45,512509
AURUM,2021-04-29 00:00:00+05:30,52.7,53.05,51.8,52.4,486746
AURUM,2021-04-30 00:00:00+05:30,52.25,52.3,51.85,52.15,338956
AURUM,2021-05-03 00:00:00+05:30,51.7,52.5,51.5,52.25,637342
AURUM,2021-05-04 00:00:00+05:30,52.7,52.7,52.05,52.3,360422
AURUM,2021-05-05 00:00:00+05:30,52.3,52.75,52.15,52.45,308093
AURUM,2021-05-06 00:00:00+05:30,52.45,52.75,52.25,52.4,475956
AURUM,2021-05-07 00:00:00+05:30,52.4,52.55,52.05,52.4,354856
AURUM,2021-05-10 00:00:00+05:30,52.55,52.55,52.15,52.3,398164
AURUM,2021-05-11 00:00:00+05:30,52.35,54.9,52.2,54.9,640495
AURUM,2021-05-12 00:00:00+05:30,55.95,57.65,55.1,55.55,1661494
AURUM,2021-05-14 00:00:00+05:30,55.85,57.2,54.8,55.2,537281
AURUM,2021-05-17 00:00:00+05:30,54.6,55.2,54.6,55.0,263851
AURUM,2021-05-18 00:00:00+05:30,55.0,55.95,54.75,55.65,413783
AURUM,2021-05-19 00:00:00+05:30,58.4,58.4,55.5,56.1,2593314
AURUM,2021-05-20 00:00:00+05:30,58.2,58.2,56.3,56.75,905407
AURUM,2021-05-21 00:00:00+05:30,57.1,57.1,55.65,56.05,636276
AURUM,2021-05-24 00:00:00+05:30,56.3,56.35,55.35,55.6,454099
AURUM,2021-05-25 00:00:00+05:30,55.6,56.0,55.35,55.45,631407
AURUM,2021-05-26 00:00:00+05:30,55.5,55.9,55.35,55.65,318415
AURUM,2021-05-27 00:00:00+05:30,55.75,55.8,55.5,55.6,208466
AURUM,2021-05-28 00:00:00+05:30,55.8,56.0,55.6,55.65,308481
AURUM,2021-05-31 00:00:00+05:30,55.8,55.9,55.6,55.7,384576
AURUM,2021-06-01 00:00:00+05:30,55.8,55.9,55.35,55.5,259862
AURUM,2021-06-02 00:00:00+05:30,55.5,55.65,54.2,54.7,326121
AURUM,2021-06-03 00:00:00+05:30,54.7,56.7,54.45,55.45,812150
AURUM,2021-06-04 00:00:00+05:30,55.65,58.2,55.5,58.2,703484
AURUM,2021-06-07 00:00:00+05:30,61.1,64.05,60.05,64.05,662511
AURUM,2021-06-08 00:00:00+05:30,69.75,70.45,68.4,70.45,599284
AURUM,2021-06-09 00:00:00+05:30,76.7,77.45,76.4,77.45,798272
AURUM,2021-06-10 00:00:00+05:30,81.3,81.3,81.3,81.3,328336
AURUM,2021-06-11 00:00:00+05:30,85.35,85.35,77.3,77.3,2553988
AURUM,2021-06-14 00:00:00+05:30,73.4,73.4,73.4,73.4,154948
AURUM,2021-06-15 00:00:00+05:30,69.8,72.75,69.8,69.8,3828647
AURUM,2021-06-16 00:00:00+05:30,66.3,69.1,66.3,66.3,969218
AURUM,2021-06-17 00:00:00+05:30,63.0,65.5,63.0,63.05,1574963
AURUM,2021-06-18 00:00:00+05:30,63.1,66.2,63.1,66.2,1164281
AURUM,2021-06-21 00:00:00+05:30,68.75,69.45,66.6,69.45,1000881
AURUM,2021-06-22 00:00:00+05:30,71.95,72.9,69.45,69.95,2056082
AURUM,2021-06-23 00:00:00+05:30,70.2,72.25,68.05,68.35,746659
AURUM,2021-06-24 00:00:00+05:30,69.75,69.75,65.85,66.05,415029
AURUM,2021-06-25 00:00:00+05:30,69.3,69.3,67.75,69.05,1562611
AURUM,2021-06-28 00:00:00+05:30,69.15,69.15,67.15,67.45,469394
AURUM,2021-06-29 00:00:00+05:30,67.5,70.0,67.5,68.4,509192
AURUM,2021-06-30 00:00:00+05:30,68.85,69.0,67.15,67.35,294846
AURUM,2021-07-01 00:00:00+05:30,67.75,67.95,65.7,66.75,256927
AURUM,2021-07-02 00:00:00+05:30,67.1,67.65,66.05,66.65,188276
AURUM,2021-07-05 00:00:00+05:30,69.15,69.15,66.6,66.95,337145
AURUM,2021-07-06 00:00:00+05:30,66.95,67.55,64.45,65.0,491458
AURUM,2021-07-07 00:00:00+05:30,66.2,66.2,64.45,65.15,258946
AURUM,2021-07-08 00:00:00+05:30,65.15,66.85,64.85,65.4,184187
AURUM,2021-07-09 00:00:00+05:30,65.55,67.6,64.25,66.7,489966
AURUM,2021-07-12 00:00:00+05:30,67.3,67.8,65.65,65.9,254815
AURUM,2021-07-13 00:00:00+05:30,65.9,66.45,65.7,65.8,205066
AURUM,2021-07-14 00:00:00+05:30,65.5,66.8,65.5,66.55,260437
AURUM,2021-07-15 00:00:00+05:30,67.25,69.85,66.2,68.4,1115720
AURUM,2021-07-16 00:00:00+05:30,69.1,69.15,65.75,66.85,564017
AURUM,2021-07-19 00:00:00+05:30,66.1,67.4,65.5,65.8,251465
AURUM,2021-07-20 00:00:00+05:30,65.85,66.5,64.45,65.45,200723
AURUM,2021-07-22 00:00:00+05:30,65.55,66.95,65.35,65.65,223294
AURUM,2021-07-23 00:00:00+05:30,65.5,67.3,65.25,66.15,449521
AURUM,2021-07-26 00:00:00+05:30,67.65,68.75,66.95,67.7,716257
AURUM,2021-07-27 00:00:00+05:30,68.15,69.15,66.6,67.1,555286
AURUM,2021-07-28 00:00:00+05:30,67.8,67.8,65.1,65.8,240465
AURUM,2021-07-29 00:00:00+05:30,66.2,67.05,65.9,66.15,170245
AURUM,2021-07-30 00:00:00+05:30,66.6,66.85,65.65,65.75,201883
AURUM,2021-08-02 00:00:00+05:30,66.95,66.95,64.3,64.85,327375
AURUM,2021-08-03 00:00:00+05:30,65.85,66.15,64.85,64.9,212703
AURUM,2021-08-04 00:00:00+05:30,65.65,65.65,64.05,64.45,187230
AURUM,2021-08-05 00:00:00+05:30,64.6,66.2,61.85,65.35,366625
AURUM,2021-08-06 00:00:00+05:30,65.35,66.2,64.1,64.95,362478
AURUM,2021-08-09 00:00:00+05:30,65.8,65.8,62.8,63.2,159638
AURUM,2021-08-10 00:00:00+05:30,62.8,65.0,59.95,61.5,281376
AURUM,2021-08-11 00:00:00+05:30,61.3,61.45,56.85,59.65,350686
AURUM,2021-08-12 00:00:00+05:30,59.65,61.8,59.65,61.3,200745
AURUM,2021-08-13 00:00:00+05:30,62.95,62.95,61.1,61.25,103691
AURUM,2021-08-16 00:00:00+05:30,61.25,61.25,58.6,58.85,149822
AURUM,2021-08-17 00:00:00+05:30,58.85,59.0,56.05,57.15,181649
AURUM,2021-08-18 00:00:00+05:30,56.25,58.0,56.25,57.55,118471
AURUM,2021-08-20 00:00:00+05:30,57.55,63.3,57.05,63.3,994782
AURUM,2021-08-23 00:00:00+05:30,65.35,65.5,59.25,59.65,648191
AURUM,2021-08-24 00:00:00+05:30,59.7,61.1,59.65,60.1,200147
AURUM,2021-08-25 00:00:00+05:30,60.4,61.1,58.2,59.0,258682
AURUM,2021-08-26 00:00:00+05:30,59.15,60.0,59.0,59.75,107566
AURUM,2021-08-27 00:00:00+05:30,60.05,60.3,58.2,58.85,155476
AURUM,2021-08-30 00:00:00+05:30,61.0,61.0,58.2,59.45,314655
AURUM,2021-08-31 00:00:00+05:30,60.05,60.15,59.3,59.5,146618
AURUM,2021-09-01 00:00:00+05:30,59.65,60.25,59.35,59.8,115548
AURUM,2021-09-02 00:00:00+05:30,59.8,60.2,58.7,59.1,171945
AURUM,2021-09-03 00:00:00+05:30,59.45,59.8,58.6,58.85,145232
AURUM,2021-09-06 00:00:00+05:30,60.4,61.85,59.5,59.9,224429
AURUM,2021-09-07 00:00:00+05:30,60.75,60.75,59.0,59.2,99437
AURUM,2021-09-08 00:00:00+05:30,59.2,60.05,57.7,58.85,108448
AURUM,2021-09-09 00:00:00+05:30,58.3,64.7,58.2,64.7,559379
AURUM,2021-09-13 00:00:00+05:30,67.1,68.05,63.55,66.0,1081171
AURUM,2021-09-14 00:00:00+05:30,66.95,67.15,64.2,65.0,323529
AURUM,2021-09-15 00:00:00+05:30,65.0,66.2,64.05,65.1,278997
AURUM,2021-09-16 00:00:00+05:30,65.45,65.8,64.05,64.95,238581
AURUM,2021-09-17 00:00:00+05:30,64.8,66.3,63.55,64.0,254862
AURUM,2021-09-20 00:00:00+05:30,63.9,65.1,62.2,62.5,210928
AURUM,2021-09-21 00:00:00+05:30,61.85,64.15,60.95,62.85,283652
AURUM,2021-09-22 00:00:00+05:30,63.1,64.25,62.85,63.1,150797
AURUM,2021-09-23 00:00:00+05:30,63.6,64.25,63.1,63.25,164092
AURUM,2021-09-24 00:00:00+05:30,64.55,64.55,58.4,62.2,288092
AURUM,2021-09-27 00:00:00+05:30,61.1,63.5,61.1,63.35,151647
AURUM,2021-09-28 00:00:00+05:30,64.05,64.05,62.6,62.85,125814
AURUM,2021-09-29 00:00:00+05:30,62.2,63.25,61.7,62.4,136360
AURUM,2021-09-30 00:00:00+05:30,62.4,62.95,62.3,62.6,96139
AURUM,2021-10-01 00:00:00+05:30,62.6,62.6,61.6,62.0,111355
AURUM,2021-10-04 00:00:00+05:30,63.25,63.25,61.85,62.2,183143
AURUM,2021-10-05 00:00:00+05:30,64.05,64.05,62.35,62.85,269288
AURUM,2021-10-06 00:00:00+05:30,62.8,63.0,62.2,62.3,145270
AURUM,2021-10-07 00:00:00+05:30,63.3,66.95,62.2,63.25,260564
AURUM,2021-10-08 00:00:00+05:30,63.3,63.8,62.6,63.0,227931
AURUM,2021-10-11 00:00:00+05:30,65.15,67.65,63.75,66.65,750789
AURUM,2021-10-12 00:00:00+05:30,67.7,70.0,65.9,67.65,979578
AURUM,2021-10-13 00:00:00+05:30,67.85,67.85,66.2,66.4,344832
AURUM,2021-10-14 00:00:00+05:30,66.7,68.0,66.25,66.55,375377
AURUM,2021-10-18 00:00:00+05:30,67.65,67.65,66.2,66.3,338184
AURUM,2021-10-19 00:00:00+05:30,66.2,69.4,64.2,65.25,634638
AURUM,2021-10-20 00:00:00+05:30,65.65,67.0,63.65,65.0,254520
AURUM,2021-10-21 00:00:00+05:30,64.75,64.85,63.2,63.5,162394
AURUM,2021-10-22 00:00:00+05:30,63.5,64.7,62.05,62.3,177159
AURUM,2021-10-25 00:00:00+05:30,63.05,63.05,60.1,61.0,115728
AURUM,2021-10-26 00:00:00+05:30,61.0,62.9,61.0,62.05,105299
AURUM,2021-10-27 00:00:00+05:30,62.45,62.6,61.5,61.8,97035
AURUM,2021-10-28 00:00:00+05:30,61.85,62.6,60.2,60.45,108499
AURUM,2021-10-29 00:00:00+05:30,63.3,63.3,60.4,62.4,149900
AURUM,2021-11-01 00:00:00+05:30,63.25,69.2,61.65,66.7,898607
AURUM,2021-11-02 00:00:00+05:30,68.85,68.85,65.55,65.7,309908
AURUM,2021-11-03 00:00:00+05:30,67.65,68.05,65.85,67.25,383577
AURUM,2021-11-04 00:00:00+05:30,69.85,71.75,68.05,69.0,581888
AURUM,2021-11-08 00:00:00+05:30,68.35,70.65,66.95,68.4,382869
AURUM,2021-11-09 00:00:00+05:30,69.15,69.8,68.05,68.5,251122
AURUM,2021-11-10 00:00:00+05:30,69.3,70.0,67.9,69.45,412308
AURUM,2021-11-11 00:00:00+05:30,70.6,83.3,68.9,83.3,4996708
AURUM,2021-11-12 00:00:00+05:30,85.0,94.5,77.15,89.05,4270379
AURUM,2021-11-15 00:00:00+05:30,98.0,106.8,92.4,106.8,4791119
AURUM,2021-11-16 00:00:00+05:30,109.15,117.5,109.1,117.5,1636624
AURUM,2021-11-17 00:00:00+05:30,126.6,129.2,110.0,120.2,7613327
AURUM,2021-11-18 00:00:00+05:30,120.0,121.1,108.2,111.2,2604857
AURUM,2021-11-22 00:00:00+05:30,111.2,117.65,101.2,106.2,1749262
AURUM,2021-11-23 00:00:00+05:30,106.25,116.8,102.75,116.55,2424903
AURUM,2021-11-24 00:00:00+05:30,118.95,128.2,118.0,127.9,3655795
AURUM,2021-11-25 00:00:00+05:30,129.75,140.65,128.8,140.65,3480136
AURUM,2021-11-26 00:00:00+05:30,143.35,154.7,141.9,154.7,3767318
AURUM,2021-11-29 00:00:00+05:30,158.6,162.4,147.0,147.0,1370514
AURUM,2021-11-30 00:00:00+05:30,139.65,139.65,139.65,139.65,56449
AURUM,2021-12-01 00:00:00+05:30,132.7,133.8,132.7,132.7,804888
AURUM,2021-12-02 00:00:00+05:30,126.05,129.95,126.05,126.05,391452
AURUM,2021-12-03 00:00:00+05:30,119.75,132.35,119.75,132.35,2281878
AURUM,2021-12-06 00:00:00+05:30,136.35,138.95,134.05,138.95,693140
AURUM,2021-12-07 00:00:00+05:30,143.95,143.95,132.05,132.05,1564914
AURUM,2021-12-08 00:00:00+05:30,134.6,136.3,125.65,129.3,1266681
AURUM,2021-12-09 00:00:00+05:30,132.45,135.75,128.2,134.2,1331685
AURUM,2021-12-10 00:00:00+05:30,133.9,133.9,128.35,129.15,887320
AURUM,2021-12-13 00:00:00+05:30,131.25,132.3,124.9,126.5,508009
AURUM,2021-12-14 00:00:00+05:30,123.75,127.2,120.8,121.35,702740
AURUM,2021-12-15 00:00:00+05:30,119.5,121.1,115.3,117.25,841384
AURUM,2021-12-16 00:00:00+05:30,117.75,120.05,111.4,111.4,665660
AURUM,2021-12-17 00:00:00+05:30,108.45,109.2,105.85,105.85,406444
AURUM,2021-12-20 00:00:00+05:30,101.15,104.65,100.55,100.55,699084
AURUM,2021-12-21 00:00:00+05:30,98.95,105.6,98.25,105.6,293260
AURUM,2021-12-22 00:00:00+05:30,110.85,110.85,110.85,110.85,71980
AURUM,2021-12-23 00:00:00+05:30,116.4,116.4,116.4,116.4,57821
AURUM,2021-12-24 00:00:00+05:30,122.15,122.15,113.25,117.5,2253261
AURUM,2021-12-27 00:00:00+05:30,117.5,117.75,112.8,112.95,311862
AURUM,2021-12-28 00:00:00+05:30,115.5,118.6,114.95,118.6,205940
AURUM,2021-12-29 00:00:00+05:30,122.95,122.95,112.95,113.7,508671
AURUM,2021-12-30 00:00:00+05:30,114.25,115.4,111.2,112.45,292955
AURUM,2021-12-31 00:00:00+05:30,114.95,115.35,112.35,112.95,193222
AURUM,2022-01-03 00:00:00+05:30,112.8,118.55,112.55,118.55,233861
AURUM,2022-01-04 00:00:00+05:30,124.45,124.45,115.75,117.9,496856
AURUM,2022-01-05 00:00:00+05:30,117.9,120.05,116.45,119.1,358575
AURUM,2022-01-06 00:00:00+05:30,115.8,120.05,114.35,117.5,230564
AURUM,2022-01-07 00:00:00+05:30,120.05,120.05,116.4,117.35,224681
AURUM,2022-01-10 00:00:00+05:30,119.1,119.1,114.25,115.9,247100
AURUM,2022-01-11 00:00:00+05:30,115.35,120.75,114.25,116.8,268915
AURUM,2022-01-12 00:00:00+05:30,116.55,119.45,114.95,115.25,166231
AURUM,2022-01-13 00:00:00+05:30,118.45,119.55,114.25,114.4,194462
AURUM,2022-01-14 00:00:00+05:30,113.0,115.9,113.0,114.3,154107
AURUM,2022-01-17 00:00:00+05:30,119.35,119.35,114.55,115.2,191292
AURUM,2022-01-18 00:00:00+05:30,117.15,117.15,112.4,112.8,225732
AURUM,2022-01-19 00:00:00+05:30,112.4,114.4,109.85,110.75,164413
AURUM,2022-01-20 00:00:00+05:30,109.85,111.6,109.85,110.0,128297
AURUM,2022-01-21 00:00:00+05:30,112.7,112.7,104.55,104.8,247369
AURUM,2022-01-24 00:00:00+05:30,106.75,107.35,99.55,99.9,281019
AURUM,2022-01-25 00:00:00+05:30,96.15,104.9,95.45,104.9,169522
AURUM,2022-01-27 00:00:00+05:30,102.6,110.0,101.85,106.6,192179
AURUM,2022-01-28 00:00:00+05:30,109.15,109.15,105.5,105.75,106552
AURUM,2022-01-31 00:00:00+05:30,106.3,107.9,100.45,102.45,202291
AURUM,2022-02-01 00:00:00+05:30,104.7,104.7,98.35,101.35,164252
AURUM,2022-02-02 00:00:00+05:30,101.85,104.85,101.85,102.75,120917
AURUM,2022-02-03 00:00:00+05:30,104.05,104.15,102.0,102.65,93524
AURUM,2022-02-04 00:00:00+05:30,102.6,104.55,102.15,102.95,94090
AURUM,2022-02-07 00:00:00+05:30,103.1,106.05,102.55,104.0,163829
AURUM,2022-02-08 00:00:00+05:30,104.7,104.7,98.85,98.85,212881
AURUM,2022-02-09 00:00:00+05:30,98.85,102.6,96.4,99.25,345381
AURUM,2022-02-10 00:00:00+05:30,99.65,103.7,96.95,98.55,145640
AURUM,2022-02-11 00:00:00+05:30,98.25,98.5,94.9,96.0,116852
AURUM,2022-02-14 00:00:00+05:30,94.6,94.9,91.2,91.2,166567
AURUM,2022-02-15 00:00:00+05:30,88.55,91.9,86.65,87.3,216718
AURUM,2022-02-16 00:00:00+05:30,89.0,91.7,88.95,91.7,79290
AURUM,2022-02-17 00:00:00+05:30,93.8,96.25,93.8,96.25,239712
AURUM,2022-02-18 00:00:00+05:30,96.05,96.4,92.05,92.9,175285
AURUM,2022-02-21 00:00:00+05:30,91.05,91.65,88.3,88.3,212249
AURUM,2022-02-22 00:00:00+05:30,83.9,85.6,83.9,83.9,110239
AURUM,2022-02-23 00:00:00+05:30,84.5,86.9,83.35,84.5,192984
AURUM,2022-02-24 00:00:00+05:30,82.2,82.2,80.25,80.25,91906
AURUM,2022-02-25 00:00:00+05:30,77.15,84.25,77.15,83.2,352037
AURUM,2022-02-28 00:00:00+05:30,82.6,83.65,79.4,82.75,211345
AURUM,2022-03-02 00:00:00+05:30,81.5,82.2,79.4,80.35,164859
AURUM,2022-03-03 00:00:00+05:30,82.35,83.65,81.15,81.8,179922
AURUM,2022-03-04 00:00:00+05:30,80.25,82.15,80.1,81.0,112905
AURUM,2022-03-07 00:00:00+05:30,80.75,80.85,77.0,77.55,146996
AURUM,2022-03-08 00:00:00+05:30,77.15,78.9,76.5,78.15,124359
AURUM,2022-03-09 00:00:00+05:30,80.6,82.05,79.4,82.05,172840
AURUM,2022-03-10 00:00:00+05:30,86.0,86.1,84.4,86.1,116179
AURUM,2022-03-11 00:00:00+05:30,87.4,90.4,87.1,90.4,105128
AURUM,2022-03-14 00:00:00+05:30,91.45,94.6,87.2,87.7,287813
AURUM,2022-03-15 00:00:00+05:30,87.7,91.05,87.3,88.1,157831
AURUM,2022-03-16 00:00:00+05:30,89.5,90.5,87.1,87.6,150714
AURUM,2022-03-17 00:00:00+05:30,89.3,89.3,86.65,87.15,101122
AURUM,2022-03-21 00:00:00+05:30,88.15,88.75,84.4,84.9,162559
AURUM,2022-03-22 00:00:00+05:30,84.9,85.7,81.85,82.75,170536
AURUM,2022-03-23 00:00:00+05:30,84.4,86.25,83.0,83.4,245650
AURUM,2022-03-24 00:00:00+05:30,83.4,87.55,82.9,87.35,530195
AURUM,2022-03-25 00:00:00+05:30,88.75,90.95,84.8,89.35,433351
AURUM,2022-03-28 00:00:00+05:30,90.95,90.95,86.55,87.05,165152
AURUM,2022-03-29 00:00:00+05:30,87.25,90.95,86.35,89.4,266285
AURUM,2022-03-30 00:00:00+05:30,90.3,90.9,88.75,88.9,101295
AURUM,2022-03-31 00:00:00+05:30,88.85,90.7,86.6,87.0,127204
AURUM,2022-04-01 00:00:00+05:30,87.05,90.8,87.05,89.7,129382
AURUM,2022-04-04 00:00:00+05:30,91.3,91.3,89.15,90.1,103261
AURUM,2022-04-05 00:00:00+05:30,91.7,94.55,90.25,94.55,144454
AURUM,2022-04-06 00:00:00+05:30,97.5,99.25,96.25,99.25,113188
AURUM,2022-04-07 00:00:00+05:30,101.85,103.2,95.3,96.25,415650
AURUM,2022-04-08 00:00:00+05:30,97.5,98.9,96.15,96.9,112159
AURUM,2022-04-11 00:00:00+05:30,99.5,106.6,98.4,106.6,369983
AURUM,2022-04-12 00:00:00+05:30,116.0,117.25,115.95,117.25,61757
AURUM,2022-04-13 00:00:00+05:30,128.95,128.95,120.65,128.95,779018
AURUM,2022-04-18 00:00:00+05:30,123.95,128.0,122.55,122.55,333810
AURUM,2022-04-19 00:00:00+05:30,118.95,121.75,116.45,117.1,356584
AURUM,2022-04-20 00:00:00+05:30,118.0,120.0,115.0,115.4,124107
AURUM,2022-04-21 00:00:00+05:30,110.9,120.0,110.9,113.4,67891
AURUM,2022-04-22 00:00:00+05:30,115.0,115.0,111.0,112.0,49721
AURUM,2022-04-25 00:00:00+05:30,111.0,112.0,106.4,106.4,106995
AURUM,2022-04-26 00:00:00+05:30,101.15,111.7,101.1,108.9,192721
AURUM,2022-04-27 00:00:00+05:30,109.8,110.0,104.65,104.95,77072
AURUM,2022-04-28 00:00:00+05:30,104.95,104.95,99.75,100.25,124995
AURUM,2022-04-29 00:00:00+05:30,103.0,103.0,100.0,101.5,79657
AURUM,2022-05-02 00:00:00+05:30,101.5,104.65,96.5,98.05,68971
AURUM,2022-05-04 00:00:00+05:30,98.05,101.0,93.15,93.6,105969
AURUM,2022-05-05 00:00:00+05:30,93.6,98.25,93.0,98.25,147322
AURUM,2022-05-06 00:00:00+05:30,95.0,98.5,94.0,96.45,65827
AURUM,2022-05-09 00:00:00+05:30,97.0,98.0,91.75,92.25,44938
AURUM,2022-05-10 00:00:00+05:30,92.4,95.0,88.2,88.8,40837
AURUM,2022-05-11 00:00:00+05:30,89.0,92.25,85.0,88.85,66323
AURUM,2022-05-12 00:00:00+05:30,88.0,89.5,84.6,87.65,52541
AURUM,2022-05-13 00:00:00+05:30,88.15,91.0,87.65,88.5,41777
AURUM,2022-05-16 00:00:00+05:30,90.25,90.9,84.4,88.05,63697
AURUM,2022-05-17 00:00:00+05:30,88.05,90.95,88.05,90.1,37808
AURUM,2022-05-18 00:00:00+05:30,94.6,94.6,92.0,92.9,48531
AURUM,2022-05-19 00:00:00+05:30,90.0,92.5,88.5,91.2,30855
AURUM,2022-05-20 00:00:00+05:30,92.95,93.0,89.1,91.25,34133
AURUM,2022-05-23 00:00:00+05:30,91.1,91.1,87.0,87.35,45454
AURUM,2022-05-24 00:00:00+05:30,89.9,89.9,87.5,88.9,70690
AURUM,2022-05-25 00:00:00+05:30,89.1,90.0,86.05,86.65,34726
AURUM,2022-05-26 00:00:00+05:30,83.1,88.0,83.05,86.95,34675
AURUM,2022-05-27 00:00:00+05:30,88.7,91.25,87.0,90.6,47591
AURUM,2022-05-30 00:00:00+05:30,90.75,94.0,90.75,92.45,37189
AURUM,2022-05-31 00:00:00+05:30,91.0,93.4,90.5,91.1,26659
AURUM,2022-06-01 00:00:00+05:30,90.0,95.65,90.0,94.15,51833
AURUM,2022-06-02 00:00:00+05:30,94.05,94.05,89.45,92.3,24504
AURUM,2022-06-03 00:00:00+05:30,90.7,93.3,90.7,92.1,16015
AURUM,2022-06-06 00:00:00+05:30,92.95,92.95,89.35,90.9,14184
AURUM,2022-06-07 00:00:00+05:30,90.9,91.85,89.0,89.6,14253
AURUM,2022-06-08 00:00:00+05:30,89.05,91.0,89.05,90.15,15279
AURUM,2022-06-09 00:00:00+05:30,90.7,90.7,87.2,88.4,27949
AURUM,2022-06-10 00:00:00+05:30,87.0,88.5,85.2,87.45,18406
AURUM,2022-06-13 00:00:00+05:30,87.4,87.4,84.0,85.75,20926
AURUM,2022-06-14 00:00:00+05:30,83.8,86.65,83.7,84.3,27233
AURUM,2022-06-15 00:00:00+05:30,84.3,85.95,83.2,83.55,33288
AURUM,2022-06-16 00:00:00+05:30,85.85,85.85,81.0,81.45,27404
AURUM,2022-06-17 00:00:00+05:30,80.1,82.5,77.4,80.95,31231
AURUM,2022-06-20 00:00:00+05:30,81.95,81.95,77.1,77.6,24750
AURUM,2022-06-21 00:00:00+05:30,79.05,80.4,77.5,80.05,24377
AURUM,2022-06-22 00:00:00+05:30,79.75,79.75,76.5,77.35,24451
AURUM,2022-06-23 00:00:00+05:30,79.75,80.25,77.3,79.85,36649
AURUM,2022-06-24 00:00:00+05:30,82.9,82.9,80.0,81.7,19662
AURUM,2022-06-27 00:00:00+05:30,83.0,84.9,81.0,83.55,29197
AURUM,2022-06-28 00:00:00+05:30,84.5,84.5,82.0,82.15,14841
AURUM,2022-06-29 00:00:00+05:30,80.6,86.15,78.55,81.3,56133
AURUM,2022-06-30 00:00:00+05:30,82.7,82.7,78.25,79.1,41470
AURUM,2022-07-01 00:00:00+05:30,79.1,80.2,77.35,77.9,77800
AURUM,2022-07-04 00:00:00+05:30,77.15,79.8,74.05,76.55,80594
AURUM,2022-07-05 00:00:00+05:30,77.8,79.35,76.1,76.85,86167
AURUM,2022-07-06 00:00:00+05:30,76.15,80.65,76.15,79.85,59548
AURUM,2022-07-07 00:00:00+05:30,80.5,83.8,80.05,83.8,19583
AURUM,2022-07-08 00:00:00+05:30,87.95,87.95,87.95,87.95,11937
AURUM,2022-07-11 00:00:00+05:30,92.3,92.3,89.75,92.3,158782
AURUM,2022-07-12 00:00:00+05:30,96.9,96.9,90.3,96.9,263363
AURUM,2022-07-13 00:00:00+05:30,101.0,101.7,99.15,101.7,145582
AURUM,2022-07-14 00:00:00+05:30,104.0,106.75,102.05,106.75,193770
AURUM,2022-07-15 00:00:00+05:30,108.0,110.35,101.45,101.45,258683
AURUM,2022-07-18 00:00:00+05:30,103.45,106.5,97.05,106.5,136144
AURUM,2022-07-19 00:00:00+05:30,108.95,110.8,102.35,109.65,207380
AURUM,2022-07-20 00:00:00+05:30,110.0,111.7,107.5,108.7,119028
AURUM,2022-07-21 00:00:00+05:30,110.8,110.8,104.9,106.35,100026
AURUM,2022-07-22 00:00:00+05:30,106.0,106.9,103.1,103.55,71065
AURUM,2022-07-25 00:00:00+05:30,103.1,106.7,102.1,103.8,90899
AURUM,2022-07-26 00:00:00+05:30,103.9,105.35,101.0,103.35,57359
AURUM,2022-07-27 00:00:00+05:30,105.0,105.0,101.1,102.9,23493
AURUM,2022-07-28 00:00:00+05:30,102.9,108.0,101.25,107.8,183365
AURUM,2022-07-29 00:00:00+05:30,113.15,113.15,107.5,108.9,237141
AURUM,2022-08-01 00:00:00+05:30,107.1,112.5,106.0,111.7,138009
AURUM,2022-08-02 00:00:00+05:30,111.7,114.75,110.35,112.6,177696
AURUM,2022-08-03 00:00:00+05:30,111.7,114.45,108.55,110.15,83071
AURUM,2022-08-04 00:00:00+05:30,109.2,114.0,107.9,112.9,131742
AURUM,2022-08-05 00:00:00+05:30,114.0,114.0,111.0,111.7,65425
AURUM,2022-08-08 00:00:00+05:30,113.9,113.9,110.65,112.05,72984
AURUM,2022-08-10 00:00:00+05:30,111.4,113.1,111.4,111.95,71145
AURUM,2022-08-11 00:00:00+05:30,111.95,113.4,110.55,111.5,27251
AURUM,2022-08-12 00:00:00+05:30,112.0,113.5,110.55,112.4,70023
AURUM,2022-08-16 00:00:00+05:30,112.4,118.0,112.0,117.25,125130
AURUM,2022-08-17 00:00:00+05:30,121.0,123.1,118.3,123.1,91301
AURUM,2022-08-18 00:00:00+05:30,129.25,129.25,126.0,129.25,412184
AURUM,2022-08-19 00:00:00+05:30,135.7,135.7,129.1,130.3,487022
AURUM,2022-08-22 00:00:00+05:30,132.0,135.4,125.05,131.4,266465
AURUM,2022-08-23 00:00:00+05:30,132.95,132.95,126.4,129.35,166111
AURUM,2022-08-24 00:00:00+05:30,131.4,131.5,129.05,130.45,84021
AURUM,2022-08-25 00:00:00+05:30,132.95,132.95,130.0,131.1,91164
AURUM,2022-08-26 00:00:00+05:30,130.5,131.8,128.1,129.65,74543
AURUM,2022-08-29 00:00:00+05:30,124.5,128.0,124.0,126.0,86763
AURUM,2022-08-30 00:00:00+05:30,126.5,132.3,126.5,132.3,89879
AURUM,2022-09-01 00:00:00+05:30,134.0,138.9,133.0,138.9,611267
AURUM,2022-09-02 00:00:00+05:30,143.0,145.8,140.05,145.8,319935
AURUM,2022-09-05 00:00:00+05:30,149.5,152.8,138.55,147.25,462776
AURUM,2022-09-06 00:00:00+05:30,149.0,149.0,141.5,143.3,109174
AURUM,2022-09-07 00:00:00+05:30,141.4,144.0,139.15,143.25,78821
AURUM,2022-09-08 00:00:00+05:30,143.3,145.0,140.0,141.3,62101
AURUM,2022-09-09 00:00:00+05:30,141.3,142.0,137.05,137.55,72923
AURUM,2022-09-12 00:00:00+05:30,138.05,144.4,137.6,139.65,98135
AURUM,2022-09-13 00:00:00+05:30,143.0,143.0,137.0,137.5,33935
AURUM,2022-09-14 00:00:00+05:30,135.4,140.2,134.4,137.0,68773
AURUM,2022-09-15 00:00:00+05:30,138.0,141.0,136.4,137.65,74194
AURUM,2022-09-16 00:00:00+05:30,136.5,137.5,130.8,134.5,89324
AURUM,2022-09-19 00:00:00+05:30,133.15,137.95,130.15,132.6,29108
AURUM,2022-09-20 00:00:00+05:30,132.5,132.5,126.1,129.45,76942
AURUM,2022-09-21 00:00:00+05:30,126.55,129.0,125.4,125.9,20106
AURUM,2022-09-22 00:00:00+05:30,125.6,129.3,122.8,128.45,31254
AURUM,2022-09-23 00:00:00+05:30,129.95,130.6,125.0,128.5,33828
AURUM,2022-09-26 00:00:00+05:30,126.2,134.9,122.1,132.1,93821
AURUM,2022-09-27 00:00:00+05:30,132.9,134.1,127.1,132.9,49561
AURUM,2022-09-28 00:00:00+05:30,128.0,138.5,128.0,132.6,67674
AURUM,2022-09-29 00:00:00+05:30,134.0,135.0,131.0,132.85,26206
AURUM,2022-09-30 00:00:00+05:30,134.9,134.9,129.45,130.65,23423
AURUM,2022-10-03 00:00:00+05:30,131.0,133.0,130.25,131.45,22968
AURUM,2022-10-04 00:00:00+05:30,131.5,133.4,130.0,131.35,42859
AURUM,2022-10-06 00:00:00+05:30,133.4,134.25,130.5,131.65,46503
AURUM,2022-10-07 00:00:00+05:30,129.5,131.75,128.8,130.1,23826
AURUM,2022-10-10 00:00:00+05:30,130.15,133.35,128.1,130.95,47399
AURUM,2022-10-11 00:00:00+05:30,132.0,132.0,128.7,129.6,20118
AURUM,2022-10-12 00:00:00+05:30,129.4,130.85,125.05,127.3,32965
AURUM,2022-10-13 00:00:00+05:30,127.0,127.95,124.0,126.45,48969
AURUM,2022-10-14 00:00:00+05:30,129.0,130.0,126.0,127.0,16599
AURUM,2022-10-17 00:00:00+05:30,127.5,128.0,125.1,125.4,15776
AURUM,2022-10-18 00:00:00+05:30,127.0,131.65,125.4,129.8,100961
AURUM,2022-10-19 00:00:00+05:30,129.95,132.6,127.25,128.3,37308
AURUM,2022-10-20 00:00:00+05:30,130.95,131.0,127.3,128.45,19473
AURUM,2022-10-21 00:00:00+05:30,128.0,129.5,126.0,126.25,26753
AURUM,2022-10-24 00:00:00+05:30,126.5,131.0,126.25,127.3,10770
AURUM,2022-10-25 00:00:00+05:30,127.9,127.9,122.0,125.35,24713
AURUM,2022-10-27 00:00:00+05:30,122.65,126.9,122.65,123.95,17493
AURUM,2022-10-28 00:00:00+05:30,123.95,126.0,117.8,122.45,48830
AURUM,2022-10-31 00:00:00+05:30,121.8,121.8,119.4,120.15,22955
AURUM,2022-11-01 00:00:00+05:30,120.5,121.65,114.15,116.5,52349
AURUM,2022-11-02 00:00:00+05:30,116.7,116.7,115.0,116.0,21041
AURUM,2022-11-03 00:00:00+05:30,115.5,117.6,110.55,115.9,33803
AURUM,2022-11-04 00:00:00+05:30,113.45,120.0,113.45,118.05,26031
AURUM,2022-11-07 00:00:00+05:30,120.3,121.0,117.0,119.15,25678
AURUM,2022-11-09 00:00:00+05:30,119.0,119.7,116.1,117.05,16295
AURUM,2022-11-10 00:00:00+05:30,117.0,117.0,112.05,114.75,21754
AURUM,2022-11-11 00:00:00+05:30,116.0,120.45,112.1,119.4,37652
AURUM,2022-11-14 00:00:00+05:30,118.05,124.2,116.4,123.05,54425
AURUM,2022-11-15 00:00:00+05:30,123.65,125.8,122.0,125.1,34705
AURUM,2022-11-16 00:00:00+05:30,125.1,127.0,123.1,126.55,66600
AURUM,2022-11-17 00:00:00+05:30,125.1,128.0,124.0,126.85,37861
AURUM,2022-11-18 00:00:00+05:30,128.0,128.0,124.5,125.7,12313
AURUM,2022-11-21 00:00:00+05:30,125.1,125.7,123.0,125.0,29307
AURUM,2022-11-22 00:00:00+05:30,122.1,126.4,122.1,123.5,17692
AURUM,2022-11-23 00:00:00+05:30,124.95,127.5,124.0,125.0,40775
AURUM,2022-11-24 00:00:00+05:30,126.5,131.25,123.1,130.4,152701
AURUM,2022-11-25 00:00:00+05:30,129.8,136.9,127.05,136.75,124132
AURUM,2022-11-28 00:00:00+05:30,137.0,143.45,136.85,139.9,131711
AURUM,2022-11-29 00:00:00+05:30,141.0,142.0,135.0,136.4,23048
AURUM,2022-11-30 00:00:00+05:30,135.1,136.0,131.5,132.15,33987
AURUM,2022-12-01 00:00:00+05:30,133.85,133.85,130.2,131.15,34792
AURUM,2022-12-02 00:00:00+05:30,132.0,134.95,131.5,133.8,37899
AURUM,2022-12-05 00:00:00+05:30,135.0,136.0,130.0,130.6,30321
AURUM,2022-12-06 00:00:00+05:30,134.0,134.0,128.1,129.35,26017
AURUM,2022-12-07 00:00:00+05:30,131.0,131.55,126.0,126.65,35117
AURUM,2022-12-08 00:00:00+05:30,127.65,129.15,125.6,127.1,20680
AURUM,2022-12-09 00:00:00+05:30,127.05,127.05,125.0,125.45,20646
AURUM,2022-12-12 00:00:00+05:30,125.45,126.45,123.55,124.95,21100
AURUM,2022-12-13 00:00:00+05:30,124.15,128.55,124.0,124.8,54982
AURUM,2022-12-14 00:00:00+05:30,125.2,131.0,125.0,129.95,99498
AURUM,2022-12-15 00:00:00+05:30,129.9,129.9,126.5,126.95,29030
AURUM,2022-12-16 00:00:00+05:30,125.0,127.85,125.0,125.5,22757
AURUM,2022-12-19 00:00:00+05:30,128.15,128.6,125.0,125.2,26103
AURUM,2022-12-20 00:00:00+05:30,124.0,125.65,123.5,124.4,15932
AURUM,2022-12-21 00:00:00+05:30,124.0,125.9,119.0,119.95,57602
AURUM,2022-12-22 00:00:00+05:30,121.4,123.8,114.5,116.45,75936
AURUM,2022-12-23 00:00:00+05:30,116.45,117.35,110.65,111.9,85177
AURUM,2022-12-26 00:00:00+05:30,107.35,117.4,107.35,115.5,51682
AURUM,2022-12-27 00:00:00+05:30,120.0,121.25,115.5,120.15,46833
AURUM,2022-12-28 00:00:00+05:30,124.95,124.95,119.0,119.5,20094
AURUM,2022-12-29 00:00:00+05:30,118.2,125.0,117.0,120.85,47470
AURUM,2022-12-30 00:00:00+05:30,122.25,126.45,121.0,124.3,44932
AURUM,2023-01-02 00:00:00+05:30,125.0,125.0,122.3,122.9,31857
AURUM,2023-01-03 00:00:00+05:30,122.85,124.0,120.85,121.65,21528
AURUM,2023-01-04 00:00:00+05:30,122.0,122.4,119.0,119.45,12303
AURUM,2023-01-05 00:00:00+05:30,119.85,122.95,118.0,118.4,15741
AURUM,2023-01-06 00:00:00+05:30,119.0,120.2,117.3,119.0,16064
AURUM,2023-01-09 00:00:00+05:30,121.9,121.9,117.6,118.15,13235
AURUM,2023-01-10 00:00:00+05:30,117.75,118.1,115.0,115.85,19482
AURUM,2023-01-11 00:00:00+05:30,116.0,120.4,116.0,120.05,37268
AURUM,2023-01-12 00:00:00+05:30,120.3,120.55,118.0,118.15,14082
AURUM,2023-01-13 00:00:00+05:30,119.45,120.0,117.5,119.0,19999
AURUM,2023-01-16 00:00:00+05:30,119.95,121.2,118.45,120.6,31404
AURUM,2023-01-17 00:00:00+05:30,118.5,121.6,118.3,118.6,12761
AURUM,2023-01-18 00:00:00+05:30,117.95,119.95,117.0,118.0,19704
AURUM,2023-01-19 00:00:00+05:30,116.9,123.9,116.9,122.05,52153
AURUM,2023-01-20 00:00:00+05:30,121.0,125.6,120.25,122.6,57286
AURUM,2023-01-23 00:00:00+05:30,125.0,126.8,121.85,122.4,36247
AURUM,2023-01-24 00:00:00+05:30,122.4,124.15,120.5,122.6,22910
AURUM,2023-01-25 00:00:00+05:30,124.15,124.15,119.95,121.1,32100
AURUM,2023-01-27 00:00:00+05:30,121.4,121.85,115.05,116.4,40758
AURUM,2023-01-30 00:00:00+05:30,117.0,117.75,114.4,115.75,26940
AURUM,2023-01-31 00:00:00+05:30,116.95,116.95,113.65,115.1,25759
AURUM,2023-02-01 00:00:00+05:30,115.3,118.1,110.85,112.0,45384
AURUM,2023-02-02 00:00:00+05:30,112.0,115.85,108.0,110.05,67082
AURUM,2023-02-03 00:00:00+05:30,109.0,112.55,104.6,106.9,82465
AURUM,2023-02-06 00:00:00+05:30,107.95,109.0,106.25,107.55,28930
AURUM,2023-02-07 00:00:00+05:30,107.0,108.4,105.35,107.35,30818
AURUM,2023-02-08 00:00:00+05:30,108.5,109.25,106.0,106.7,25066
AURUM,2023-02-09 00:00:00+05:30,105.2,110.6,105.2,109.8,30290
AURUM,2023-02-10 00:00:00+05:30,112.0,112.05,109.0,111.6,22538
AURUM,2023-02-13 00:00:00+05:30,112.0,112.0,106.0,108.0,31057
AURUM,2023-02-14 00:00:00+05:30,108.0,108.55,106.05,107.8,12893
AURUM,2023-02-15 00:00:00+05:30,109.0,109.0,106.45,108.55,13357
AURUM,2023-02-16 00:00:00+05:30,108.55,110.3,108.4,109.05,11768
AURUM,2023-02-17 00:00:00+05:30,110.95,111.25,105.45,106.15,45122
AURUM,2023-02-20 00:00:00+05:30,107.0,116.75,107.0,116.75,86831
AURUM,2023-02-21 00:00:00+05:30,124.4,128.4,120.55,128.4,505072
AURUM,2023-02-22 00:00:00+05:30,127.65,130.45,121.8,124.85,154950
AURUM,2023-02-23 00:00:00+05:30,124.9,127.8,121.0,122.4,60189
AURUM,2023-02-24 00:00:00+05:30,129.7,129.7,117.6,119.25,54115
AURUM,2023-02-27 00:00:00+05:30,118.0,123.8,116.15,119.8,41142
AURUM,2023-02-28 00:00:00+05:30,119.95,123.8,117.8,118.45,84734
AURUM,2023-03-01 00:00:00+05:30,119.0,121.0,115.0,118.1,30223
AURUM,2023-03-02 00:00:00+05:30,119.85,119.85,116.25,117.15,24507
AURUM,2023-03-03 00:00:00+05:30,116.2,119.0,115.0,115.65,49683
AURUM,2023-03-06 00:00:00+05:30,115.65,116.55,111.2,113.1,49033
AURUM,2023-03-08 00:00:00+05:30,111.15,117.0,110.8,112.6,73952
AURUM,2023-03-09 00:00:00+05:30,111.65,114.5,111.65,112.3,37021
AURUM,2023-03-10 00:00:00+05:30,112.0,113.0,110.0,111.0,51897
AURUM,2023-03-13 00:00:00+05:30,110.85,112.85,105.0,106.95,52997
AURUM,2023-03-14 00:00:00+05:30,110.2,112.45,105.25,110.6,69573
AURUM,2023-03-15 00:00:00+05:30,110.6,112.45,109.45,110.05,36629
AURUM,2023-03-16 00:00:00+05:30,111.95,111.95,107.4,108.55,39112
AURUM,2023-03-17 00:00:00+05:30,107.85,111.7,107.85,109.65,26402
AURUM,2023-03-20 00:00:00+05:30,109.15,109.6,105.7,106.5,33521
AURUM,2023-03-21 00:00:00+05:30,107.9,110.0,102.85,106.3,80048
AURUM,2023-03-22 00:00:00+05:30,108.0,108.0,104.9,106.2,60474
AURUM,2023-03-23 00:00:00+05:30,106.25,106.9,104.45,105.8,56896
AURUM,2023-03-24 00:00:00+05:30,106.9,107.1,102.1,103.0,131599
AURUM,2023-03-27 00:00:00+05:30,105.95,105.95,100.0,100.75,105259
AURUM,2023-03-28 00:00:00+05:30,101.0,102.3,99.85,101.95,67422
AURUM,2023-03-29 00:00:00+05:30,100.6,106.75,100.6,104.75,55836
AURUM,2023-03-31 00:00:00+05:30,103.0,106.35,102.1,103.3,74269
AURUM,2023-04-03 00:00:00+05:30,105.0,106.55,103.5,105.65,17175
AURUM,2023-04-05 00:00:00+05:30,105.65,108.0,105.0,107.2,36877
AURUM,2023-04-06 00:00:00+05:30,105.6,108.65,105.6,108.0,29390
AURUM,2023-04-10 00:00:00+05:30,106.4,108.5,106.4,107.2,31912
AURUM,2023-04-11 00:00:00+05:30,108.7,109.0,105.3,107.15,36026
AURUM,2023-04-12 00:00:00+05:30,108.2,108.5,106.25,107.05,31872
AURUM,2023-04-13 00:00:00+05:30,106.0,108.15,106.0,107.45,10064
AURUM,2023-04-17 00:00:00+05:30,106.4,107.45,105.15,105.6,16316
AURUM,2023-04-18 00:00:00+05:30,105.0,105.95,103.7,104.4,38295
AURUM,2023-04-19 00:00:00+05:30,105.5,105.85,104.7,105.2,12970
AURUM,2023-04-20 00:00:00+05:30,105.05,126.2,104.7,118.5,703192
AURUM,2023-04-21 00:00:00+05:30,120.9,121.35,115.0,116.15,150548
AURUM,2023-04-24 00:00:00+05:30,114.25,121.25,112.45,117.05,68374
AURUM,2023-04-25 00:00:00+05:30,117.5,117.8,114.0,115.1,72815
AURUM,2023-04-26 00:00:00+05:30,115.1,117.25,113.0,114.15,38301
AURUM,2023-04-27 00:00:00+05:30,116.0,128.0,114.15,117.45,287077
AURUM,2023-04-28 00:00:00+05:30,119.8,119.8,114.0,114.6,133151
AURUM,2023-05-02 00:00:00+05:30,114.6,118.8,114.6,117.85,105085
AURUM,2023-05-03 00:00:00+05:30,121.0,121.0,115.25,116.35,79528
AURUM,2023-05-04 00:00:00+05:30,116.2,119.05,116.2,117.45,32380
AURUM,2023-05-05 00:00:00+05:30,116.3,118.95,115.0,115.4,39612
AURUM,2023-05-08 00:00:00+05:30,116.05,117.0,115.0,115.5,25492
AURUM,2023-05-09 00:00:00+05:30,115.5,116.75,113.5,114.2,24625
AURUM,2023-05-10 00:00:00+05:30,113.8,116.2,113.45,113.85,53266
AURUM,2023-05-11 00:00:00+05:30,114.9,115.0,112.9,113.8,50260
AURUM,2023-05-12 00:00:00+05:30,113.8,114.9,112.85,113.6,30801
AURUM,2023-05-15 00:00:00+05:30,112.65,114.9,111.2,111.65,31464
AURUM,2023-05-16 00:00:00+05:30,111.65,113.2,111.65,112.3,26472
AURUM,2023-05-17 00:00:00+05:30,112.3,114.3,112.3,113.6,31138
AURUM,2023-05-18 00:00:00+05:30,114.6,114.95,112.05,113.85,39656
AURUM,2023-05-19 00:00:00+05:30,113.8,114.6,112.0,112.35,13411
AURUM,2023-05-22 00:00:00+05:30,112.0,112.4,110.15,111.05,30250
AURUM,2023-05-23 00:00:00+05:30,110.3,112.45,108.2,108.45,66813
AURUM,2023-05-24 00:00:00+05:30,108.0,109.2,106.65,107.1,56342
AURUM,2023-05-25 00:00:00+05:30,108.7,111.35,107.6,110.6,48590
AURUM,2023-05-26 00:00:00+05:30,111.0,112.95,109.95,111.4,24936
AURUM,2023-05-29 00:00:00+05:30,111.9,112.95,110.45,110.65,21185
AURUM,2023-05-30 00:00:00+05:30,110.65,114.8,110.0,112.7,37978
AURUM,2023-05-31 00:00:00+05:30,112.7,118.6,111.6,116.35,94649
AURUM,2023-06-01 00:00:00+05:30,119.0,123.05,115.65,117.5,208639
AURUM,2023-06-02 00:00:00+05:30,120.8,134.3,120.05,125.6,871047
AURUM,2023-06-05 00:00:00+05:30,128.05,131.0,125.6,127.05,274598
AURUM,2023-06-06 00:00:00+05:30,128.25,128.25,123.5,124.6,91395
AURUM,2023-06-07 00:00:00+05:30,125.85,129.9,123.4,127.75,113595
AURUM,2023-06-08 00:00:00+05:30,126.45,128.65,122.8,123.15,72811
AURUM,2023-06-09 00:00:00+05:30,124.65,127.9,123.1,125.55,98845
AURUM,2023-06-12 00:00:00+05:30,126.75,126.8,122.55,124.35,86803
AURUM,2023-06-13 00:00:00+05:30,123.1,133.0,123.1,129.25,400252
AURUM,2023-06-14 00:00:00+05:30,129.95,132.5,127.4,131.15,141113
AURUM,2023-06-15 00:00:00+05:30,132.0,132.0,125.9,127.0,141499
AURUM,2023-06-16 00:00:00+05:30,128.25,130.0,126.4,128.75,112603
AURUM,2023-06-19 00:00:00+05:30,130.95,130.95,127.0,128.0,76843
AURUM,2023-06-20 00:00:00+05:30,128.3,129.9,125.15,127.4,65729
AURUM,2023-06-21 00:00:00+05:30,129.9,129.9,124.2,125.05,64293
AURUM,2023-06-22 00:00:00+05:30,125.85,127.0,121.5,125.1,75285
AURUM,2023-06-23 00:00:00+05:30,126.35,126.35,122.95,123.4,39083
AURUM,2023-06-26 00:00:00+05:30,126.95,126.95,122.0,122.15,25761
AURUM,2023-06-27 00:00:00+05:30,123.4,124.9,122.5,123.0,28740
AURUM,2023-06-28 00:00:00+05:30,122.4,129.7,122.4,126.65,136729
AURUM,2023-06-30 00:00:00+05:30,127.0,131.6,126.0,126.85,110846
AURUM,2023-07-03 00:00:00+05:30,126.5,128.65,124.35,124.95,38518
AURUM,2023-07-04 00:00:00+05:30,128.0,128.0,123.1,123.9,43401
AURUM,2023-07-05 00:00:00+05:30,124.0,125.5,123.0,123.2,34748
AURUM,2023-07-06 00:00:00+05:30,124.0,124.95,122.5,122.9,25494
AURUM,2023-07-07 00:00:00+05:30,122.0,128.0,121.4,126.15,77980
AURUM,2023-07-10 00:00:00+05:30,128.0,128.0,117.4,121.35,66966
AURUM,2023-07-11 00:00:00+05:30,120.5,127.15,120.5,126.55,61511
AURUM,2023-07-12 00:00:00+05:30,126.55,135.0,125.5,131.0,501634
AURUM,2023-07-13 00:00:00+05:30,132.45,134.95,128.0,128.6,143055
AURUM,2023-07-14 00:00:00+05:30,130.9,133.0,127.15,131.75,95699
AURUM,2023-07-17 00:00:00+05:30,128.25,134.9,128.25,130.9,142710
AURUM,2023-07-18 00:00:00+05:30,131.9,131.9,129.05,131.45,67663
AURUM,2023-07-19 00:00:00+05:30,127.1,128.4,124.05,124.7,160622
AURUM,2023-07-20 00:00:00+05:30,126.0,126.95,124.05,126.15,59646
AURUM,2023-07-21 00:00:00+05:30,126.15,128.7,122.2,123.6,138579
AURUM,2023-07-24 00:00:00+05:30,122.75,126.0,122.75,123.55,92996
AURUM,2023-07-25 00:00:00+05:30,124.95,124.95,123.05,123.3,32569
AURUM,2023-07-26 00:00:00+05:30,124.55,132.0,123.5,129.0,202140
AURUM,2023-07-27 00:00:00+05:30,129.0,130.5,126.0,126.45,78920
AURUM,2023-07-28 00:00:00+05:30,125.35,129.0,125.35,127.75,49747
AURUM,2023-07-31 00:00:00+05:30,126.0,128.05,125.0,125.3,52818
AURUM,2023-08-01 00:00:00+05:30,126.55,127.0,124.65,125.25,43195
AURUM,2023-08-02 00:00:00+05:30,125.5,130.0,124.0,127.0,135903
AURUM,2023-08-03 00:00:00+05:30,128.0,129.8,126.05,127.85,53403
AURUM,2023-08-04 00:00:00+05:30,129.9,135.0,128.45,134.25,477648
AURUM,2023-08-07 00:00:00+05:30,135.3,149.0,133.25,141.15,1255844
AURUM,2023-08-08 00:00:00+05:30,142.4,146.3,129.15,135.25,396175
AURUM,2023-08-09 00:00:00+05:30,130.6,139.5,130.5,138.9,245183
AURUM,2023-08-10 00:00:00+05:30,139.95,142.75,136.85,140.5,196657
AURUM,2023-08-11 00:00:00+05:30,139.6,142.5,134.5,136.0,136407
AURUM,2023-08-14 00:00:00+05:30,136.05,138.0,133.0,135.85,111613
AURUM,2023-08-16 00:00:00+05:30,136.9,139.5,135.25,136.3,71742
AURUM,2023-08-17 00:00:00+05:30,135.55,139.0,133.4,138.1,109268
AURUM,2023-08-18 00:00:00+05:30,138.2,138.65,133.5,134.0,97087
AURUM,2023-08-21 00:00:00+05:30,134.95,137.8,132.05,133.05,80296
AURUM,2023-08-22 00:00:00+05:30,134.0,141.0,133.5,136.15,150478
AURUM,2023-08-23 00:00:00+05:30,136.2,143.0,136.2,138.05,149307
AURUM,2023-08-24 00:00:00+05:30,138.5,139.55,135.0,135.6,65649
AURUM,2023-08-25 00:00:00+05:30,135.9,136.5,133.0,133.75,55384
AURUM,2023-08-28 00:00:00+05:30,133.6,139.9,133.6,137.05,188999
AURUM,2023-08-29 00:00:00+05:30,136.7,138.85,134.2,134.65,83811
AURUM,2023-08-30 00:00:00+05:30,135.95,136.7,132.5,132.95,95745
AURUM,2023-08-31 00:00:00+05:30,134.05,134.45,132.0,132.75,50224
AURUM,2023-09-01 00:00:00+05:30,133.0,135.5,131.75,132.95,73639
AURUM,2023-09-04 00:00:00+05:30,134.25,134.7,126.3,127.8,333286
AURUM,2023-09-05 00:00:00+05:30,128.1,134.7,128.05,133.85,221631
AURUM,2023-09-06 00:00:00+05:30,135.0,136.5,131.0,131.95,68389
AURUM,2023-09-07 00:00:00+05:30,132.0,133.4,129.1,129.95,40693
AURUM,2023-09-08 00:00:00+05:30,132.8,133.2,129.0,129.75,51405
AURUM,2023-09-11 00:00:00+05:30,130.2,133.9,127.25,128.1,81291
AURUM,2023-09-12 00:00:00+05:30,128.8,131.3,124.4,125.8,83084
AURUM,2023-09-13 00:00:00+05:30,127.7,128.8,125.1,127.65,38166
AURUM,2023-09-14 00:00:00+05:30,126.6,129.9,126.6,128.8,38276
AURUM,2023-09-15 00:00:00+05:30,129.0,131.5,128.05,128.55,37274
AURUM,2023-09-18 00:00:00+05:30,128.6,129.85,124.6,126.7,46148
AURUM,2023-09-20 00:00:00+05:30,125.15,127.65,125.1,125.65,33004
AURUM,2023-09-21 00:00:00+05:30,125.65,126.25,124.0,124.3,27708
AURUM,2023-09-22 00:00:00+05:30,123.4,125.9,123.4,124.6,35825
AURUM,2023-09-25 00:00:00+05:30,124.6,127.5,123.25,124.3,45374
AURUM,2023-09-26 00:00:00+05:30,124.3,125.35,123.05,123.2,23948
AURUM,2023-09-27 00:00:00+05:30,123.4,125.55,123.4,124.1,27036
AURUM,2023-09-28 00:00:00+05:30,124.95,125.7,122.2,122.45,21778
AURUM,2023-09-29 00:00:00+05:30,124.95,124.95,122.5,122.75,18752
AURUM,2023-10-03 00:00:00+05:30,124.0,124.8,122.15,123.2,24784
AURUM,2023-10-04 00:00:00+05:30,124.2,124.65,119.75,122.0,42059
AURUM,2023-10-05 00:00:00+05:30,122.0,124.65,121.6,121.95,27560
AURUM,2023-10-06 00:00:00+05:30,123.8,132.0,122.1,129.35,141220
AURUM,2023-10-09 00:00:00+05:30,129.35,129.35,123.8,126.15,77354
AURUM,2023-10-10 00:00:00+05:30,127.9,127.95,124.85,125.9,31237
AURUM,2023-10-11 00:00:00+05:30,125.9,128.35,125.3,125.85,42751
AURUM,2023-10-12 00:00:00+05:30,125.3,126.85,123.8,124.25,52569
AURUM,2023-10-13 00:00:00+05:30,124.3,126.0,123.95,124.4,26565
AURUM,2023-10-16 00:00:00+05:30,125.05,130.65,125.0,129.25,153301
AURUM,2023-10-17 00:00:00+05:30,130.35,131.8,128.65,130.05,96889
AURUM,2023-10-18 00:00:00+05:30,130.95,132.0,129.8,130.3,66368
AURUM,2023-10-19 00:00:00+05:30,130.0,131.0,128.55,130.55,52386
AURUM,2023-10-20 00:00:00+05:30,130.9,132.4,128.0,129.55,69954
AURUM,2023-10-23 00:00:00+05:30,131.85,131.85,119.9,123.95,54592
AURUM,2023-10-25 00:00:00+05:30,124.0,127.05,121.4,124.45,71450
AURUM,2023-10-26 00:00:00+05:30,122.5,127.95,117.65,124.5,149679
AURUM,2023-10-27 00:00:00+05:30,125.95,130.0,124.95,128.15,43751
AURUM,2023-10-30 00:00:00+05:30,129.7,129.7,123.95,125.85,42390
AURUM,2023-10-31 00:00:00+05:30,125.85,128.4,124.55,126.6,37076
AURUM,2023-11-01 00:00:00+05:30,126.05,128.9,125.4,128.25,30824
AURUM,2023-11-02 00:00:00+05:30,128.1,130.6,127.0,127.6,49593
AURUM,2023-11-03 00:00:00+05:30,128.8,129.6,127.05,128.0,20996
AURUM,2023-11-06 00:00:00+05:30,130.6,130.6,127.0,128.6,63959
AURUM,2023-11-07 00:00:00+05:30,128.5,134.65,128.1,133.1,257339
AURUM,2023-11-08 00:00:00+05:30,134.35,136.0,132.7,133.75,112014
AURUM,2023-11-09 00:00:00+05:30,133.75,133.95,132.0,133.0,52964
AURUM,2023-11-10 00:00:00+05:30,132.0,135.9,132.0,133.6,66389
AURUM,2023-11-12 00:00:00+05:30,135.5,137.5,133.95,135.05,85474
AURUM,2023-11-13 00:00:00+05:30,134.35,136.8,133.1,134.9,78039
AURUM,2023-11-15 00:00:00+05:30,136.9,137.9,135.1,135.75,111846
AURUM,2023-11-16 00:00:00+05:30,137.1,137.1,127.0,130.25,99818
AURUM,2023-11-17 00:00:00+05:30,131.95,134.5,130.5,132.15,45706
AURUM,2023-11-20 00:00:00+05:30,133.5,134.9,130.3,134.35,87548
AURUM,2023-11-21 00:00:00+05:30,135.8,137.0,131.2,133.05,71749
AURUM,2023-11-22 00:00:00+05:30,133.05,135.6,132.3,134.65,45479
AURUM,2023-11-23 00:00:00+05:30,132.65,135.0,132.5,134.6,35520
AURUM,2023-11-24 00:00:00+05:30,135.15,135.5,132.25,133.4,36153
AURUM,2023-11-28 00:00:00+05:30,135.7,135.7,130.2,132.4,79148
AURUM,2023-11-29 00:00:00+05:30,133.0,134.15,127.2,130.4,106298
AURUM,2023-11-30 00:00:00+05:30,131.0,135.9,130.0,132.0,155212
AURUM,2023-12-01 00:00:00+05:30,133.1,133.75,131.1,131.6,23187
AURUM,2023-12-04 00:00:00+05:30,134.8,134.8,130.65,131.85,43009
AURUM,2023-12-05 00:00:00+05:30,133.15,133.7,128.2,129.85,78047
AURUM,2023-12-06 00:00:00+05:30,129.85,133.4,127.3,132.6,118803
AURUM,2023-12-07 00:00:00+05:30,130.6,133.5,130.2,130.85,59185
AURUM,2023-12-08 00:00:00+05:30,130.85,131.9,129.5,129.9,43332
AURUM,2023-12-11 00:00:00+05:30,131.85,132.5,129.75,130.1,49957
AURUM,2023-12-12 00:00:00+05:30,130.0,130.95,127.95,128.15,45285
AURUM,2023-12-13 00:00:00+05:30,127.15,129.95,127.15,128.1,23500
AURUM,2023-12-14 00:00:00+05:30,128.1,142.8,127.85,140.1,774294
AURUM,2023-12-15 00:00:00+05:30,143.0,146.9,138.1,140.5,354479
AURUM,2023-12-18 00:00:00+05:30,140.5,141.7,136.0,137.85,142815
AURUM,2023-12-19 00:00:00+05:30,139.25,143.0,136.05,138.75,241018
AURUM,2023-12-20 00:00:00+05:30,142.0,142.2,130.1,132.1,245012
AURUM,2023-12-21 00:00:00+05:30,130.1,134.6,128.45,130.8,86081
AURUM,2023-12-22 00:00:00+05:30,132.75,133.55,128.6,129.75,62559
AURUM,2023-12-26 00:00:00+05:30,131.65,131.65,129.55,130.0,46505
AURUM,2023-12-27 00:00:00+05:30,131.0,132.0,129.05,129.55,42994
AURUM,2023-12-28 00:00:00+05:30,129.7,130.9,128.35,129.1,62644
AURUM,2023-12-29 00:00:00+05:30,129.1,130.5,128.05,129.1,43902
AURUM,2024-01-01 00:00:00+05:30,129.1,129.9,125.1,127.95,52090
AURUM,2024-01-02 00:00:00+05:30,128.85,130.0,127.4,128.7,55384
AURUM,2024-01-03 00:00:00+05:30,128.7,130.0,126.55,127.6,39615
AURUM,2024-01-04 00:00:00+05:30,128.0,130.0,127.1,128.9,95210
AURUM,2024-01-05 00:00:00+05:30,130.0,130.9,128.0,129.2,70525
AURUM,2024-01-08 00:00:00+05:30,130.95,155.0,130.05,153.4,2385721
AURUM,2024-01-09 00:00:00+05:30,155.0,156.0,144.25,145.25,761529
AURUM,2024-01-10 00:00:00+05:30,146.9,165.95,145.05,157.65,1737919
AURUM,2024-01-11 00:00:00+05:30,158.5,159.0,151.15,155.45,242796
AURUM,2024-01-12 00:00:00+05:30,160.0,170.8,157.1,161.45,1074948
AURUM,2024-01-15 00:00:00+05:30,161.45,166.95,153.55,155.5,301506
AURUM,2024-01-16 00:00:00+05:30,157.35,163.0,144.6,150.15,370713
AURUM,2024-01-17 00:00:00+05:30,148.0,171.65,146.85,165.75,1747897
AURUM,2024-01-18 00:00:00+05:30,168.0,185.0,160.05,172.7,1741563
AURUM,2024-01-19 00:00:00+05:30,177.0,186.4,171.15,182.1,1156089
AURUM,2024-01-20 00:00:00+05:30,185.0,185.0,175.1,177.45,355300
AURUM,2024-01-23 00:00:00+05:30,180.0,181.0,156.05,158.8,508595
AURUM,2024-01-24 00:00:00+05:30,164.0,168.95,157.1,166.4,290655
AURUM,2024-01-25 00:00:00+05:30,167.95,173.5,165.7,167.65,189947
AURUM,2024-01-29 00:00:00+05:30,169.95,171.2,159.4,162.25,248949
AURUM,2024-01-30 00:00:00+05:30,164.6,164.6,157.65,160.5,163499
AURUM,2024-01-31 00:00:00+05:30,158.3,159.95,155.0,156.6,48099
AURUM,2024-02-01 00:00:00+05:30,159.45,163.4,149.45,160.7,49952
AURUM,2024-02-02 00:00:00+05:30,160.0,163.0,156.3,158.2,121957
AURUM,2024-02-05 00:00:00+05:30,158.2,165.8,151.0,152.4,58309
AURUM,2024-02-06 00:00:00+05:30,152.6,155.6,151.1,151.8,37327
AURUM,2024-02-07 00:00:00+05:30,151.9,159.35,144.25,159.15,140242
AURUM,2024-02-08 00:00:00+05:30,156.05,164.4,156.0,159.2,67704
AURUM,2024-02-09 00:00:00+05:30,160.5,160.5,152.0,153.05,46874
AURUM,2024-02-12 00:00:00+05:30,151.4,156.9,146.0,147.45,46811
AURUM,2024-02-13 00:00:00+05:30,148.0,153.75,145.0,148.75,19872
AURUM,2024-02-14 00:00:00+05:30,146.0,152.0,145.85,148.05,25632
AURUM,2024-02-15 00:00:00+05:30,146.45,152.0,146.45,151.05,26731
AURUM,2024-02-16 00:00:00+05:30,153.0,156.95,147.0,153.2,66332
AURUM,2024-02-19 00:00:00+05:30,154.4,160.0,154.1,156.35,82277
AURUM,2024-02-20 00:00:00+05:30,157.9,163.0,152.1,157.1,57555
AURUM,2024-02-21 00:00:00+05:30,157.1,162.95,153.2,155.0,38840
AURUM,2024-02-22 00:00:00+05:30,155.1,159.4,149.4,153.65,87217
AURUM,2024-02-23 00:00:00+05:30,156.85,157.5,150.0,152.9,56231
AURUM,2024-02-26 00:00:00+05:30,154.35,154.35,147.5,148.65,39585
AURUM,2024-02-27 00:00:00+05:30,148.0,148.65,144.4,145.95,46935
AURUM,2024-02-28 00:00:00+05:30,145.95,150.0,139.3,141.85,61698
AURUM,2024-02-29 00:00:00+05:30,141.95,144.0,139.4,140.6,21621
AURUM,2024-03-01 00:00:00+05:30,141.1,145.1,139.75,142.1,48348
AURUM,2024-03-02 00:00:00+05:30,144.0,146.0,141.1,142.55,6943
AURUM,2024-03-04 00:00:00+05:30,145.0,146.0,142.05,144.35,42683
AURUM,2024-03-05 00:00:00+05:30,146.85,146.85,140.0,142.1,55748
AURUM,2024-03-06 00:00:00+05:30,145.9,145.9,136.35,138.1,69006
AURUM,2024-03-07 00:00:00+05:30,136.4,142.8,136.4,141.15,55325
AURUM,2024-03-11 00:00:00+05:30,141.1,144.9,137.0,141.05,66193
AURUM,2024-03-12 00:00:00+05:30,141.05,143.0,136.5,139.5,50851
AURUM,2024-03-13 00:00:00+05:30,141.95,141.95,132.55,133.05,94689
AURUM,2024-03-14 00:00:00+05:30,132.6,138.7,130.35,136.75,42087
AURUM,2024-03-15 00:00:00+05:30,138.0,140.0,136.0,138.8,33987
AURUM,2024-03-18 00:00:00+05:30,138.5,140.0,134.45,136.45,26342
AURUM,2024-03-19 00:00:00+05:30,135.05,137.7,133.8,134.45,25546
AURUM,2024-03-20 00:00:00+05:30,134.5,136.8,131.0,132.85,44525
AURUM,2024-03-21 00:00:00+05:30,135.0,136.95,130.0,130.55,34981
AURUM,2024-03-22 00:00:00+05:30,130.95,135.0,130.55,131.2,49982
AURUM,2024-03-26 00:00:00+05:30,131.4,135.5,130.0,134.3,111614
AURUM,2024-03-27 00:00:00+05:30,134.95,135.0,130.0,130.75,76139
AURUM,2024-03-28 00:00:00+05:30,137.2,137.2,130.0,130.05,71483
AURUM,2024-04-01 00:00:00+05:30,133.9,136.55,133.0,136.55,56613
AURUM,2024-04-02 00:00:00+05:30,141.0,143.35,137.55,143.35,33683
AURUM,2024-04-03 00:00:00+05:30,149.0,150.5,145.0,147.6,71622
AURUM,2024-04-04 00:00:00+05:30,149.9,150.5,142.65,148.9,60723
AURUM,2024-04-05 00:00:00+05:30,149.0,150.5,146.15,148.15,64945
AURUM,2024-04-08 00:00:00+05:30,150.6,153.5,146.0,151.45,119312
AURUM,2024-04-09 00:00:00+05:30,152.3,152.3,143.9,144.45,48655
AURUM,2024-04-10 00:00:00+05:30,144.45,149.0,143.6,144.05,66892
AURUM,2024-04-12 00:00:00+05:30,144.05,148.3,143.0,145.05,13734
AURUM,2024-04-15 00:00:00+05:30,144.0,145.25,139.0,145.0,40128
AURUM,2024-04-16 00:00:00+05:30,138.5,145.0,138.5,140.3,24191
AURUM,2024-04-18 00:00:00+05:30,141.95,144.7,137.0,142.0,43114
AURUM,2024-04-19 00:00:00+05:30,141.4,141.9,139.55,141.0,15207
AURUM,2024-04-22 00:00:00+05:30,140.4,144.0,136.4,138.65,43309
AURUM,2024-04-23 00:00:00+05:30,141.8,145.55,139.05,143.3,219371
AURUM,2024-04-24 00:00:00+05:30,145.0,149.4,142.0,143.2,143585
AURUM,2024-04-25 00:00:00+05:30,142.8,146.8,141.45,142.0,78157
AURUM,2024-04-26 00:00:00+05:30,142.25,148.0,142.05,145.55,78247
AURUM,2024-04-29 00:00:00+05:30,145.55,150.0,144.15,148.05,101824
AURUM,2024-04-30 00:00:00+05:30,155.0,155.45,153.0,155.45,234729
AURUM,2024-05-02 00:00:00+05:30,160.0,161.4,152.1,153.5,151449
AURUM,2024-05-03 00:00:00+05:30,153.5,158.0,151.1,155.3,89810
AURUM,2024-05-06 00:00:00+05:30,156.0,162.9,155.0,156.65,130599
AURUM,2024-05-07 00:00:00+05:30,156.45,159.15,149.4,152.7,83961
AURUM,2024-05-08 00:00:00+05:30,152.7,155.95,149.1,152.25,68741
AURUM,2024-05-09 00:00:00+05:30,154.6,154.6,144.65,145.45,166584
AURUM,2024-05-10 00:00:00+05:30,149.95,149.95,142.4,143.65,49146
AURUM,2024-05-13 00:00:00+05:30,148.0,149.4,142.5,145.75,75600
AURUM,2024-05-14 00:00:00+05:30,149.9,153.0,146.25,152.2,91044
AURUM,2024-05-15 00:00:00+05:30,153.0,154.25,149.1,151.6,34429
AURUM,2024-05-16 00:00:00+05:30,152.8,155.75,150.0,151.3,35423
AURUM,2024-05-17 00:00:00+05:30,153.0,156.4,151.0,153.95,54441
AURUM,2024-05-18 00:00:00+05:30,150.15,155.55,150.0,151.3,14697
AURUM,2024-05-21 00:00:00+05:30,154.95,158.0,151.1,153.35,119343
AURUM,2024-05-22 00:00:00+05:30,154.0,159.15,149.5,155.4,128335
AURUM,2024-05-23 00:00:00+05:30,157.7,157.7,152.3,153.2,68253
AURUM,2024-05-24 00:00:00+05:30,154.0,157.65,151.5,152.75,117440
AURUM,2024-05-27 00:00:00+05:30,152.75,153.4,147.4,148.45,63693
AURUM,2024-05-28 00:00:00+05:30,152.0,152.0,141.5,143.55,64087
AURUM,2024-05-29 00:00:00+05:30,142.4,145.95,142.0,143.1,33484
AURUM,2024-05-30 00:00:00+05:30,141.15,147.0,139.35,142.6,81615
AURUM,2024-05-31 00:00:00+05:30,142.65,145.8,141.05,145.2,117231
AURUM,2024-06-03 00:00:00+05:30,150.4,152.45,141.2,142.35,346651
AURUM,2024-06-04 00:00:00+05:30,142.35,145.65,135.25,135.45,181312
AURUM,2024-06-05 00:00:00+05:30,133.55,142.0,132.55,140.6,107336
AURUM,2024-06-06 00:00:00+05:30,140.95,143.85,140.2,141.35,35914
AURUM,2024-06-07 00:00:00+05:30,141.8,144.4,140.55,142.95,53803
AURUM,2024-06-10 00:00:00+05:30,144.4,146.95,142.0,142.63,42019
AURUM,2024-06-11 00:00:00+05:30,145.51,146.95,143.11,145.6,105325
AURUM,2024-06-12 00:00:00+05:30,145.51,147.4,143.01,143.88,117082
AURUM,2024-06-13 00:00:00+05:30,147.0,147.0,142.1,143.7,46921
AURUM,2024-06-14 00:00:00+05:30,146.0,146.69,143.0,143.89,158546
AURUM,2024-06-18 00:00:00+05:30,143.95,157.4,143.95,147.98,341137
AURUM,2024-06-19 00:00:00+05:30,148.15,150.29,144.8,145.98,141316
AURUM,2024-06-20 00:00:00+05:30,146.25,150.9,146.25,146.85,78760
AURUM,2024-06-21 00:00:00+05:30,145.18,147.95,143.81,145.25,57030
AURUM,2024-06-24 00:00:00+05:30,147.35,147.35,143.0,144.36,53852
AURUM,2024-06-25 00:00:00+05:30,143.0,156.09,143.0,147.0,426853
AURUM,2024-06-26 00:00:00+05:30,146.0,154.9,145.06,152.2,184397
AURUM,2024-06-27 00:00:00+05:30,150.94,155.4,150.6,153.69,251203
AURUM,2024-06-28 00:00:00+05:30,152.15,156.0,149.4,154.88,191633
AURUM,2024-07-01 00:00:00+05:30,155.55,159.9,152.1,153.97,301146
AURUM,2024-07-02 00:00:00+05:30,158.0,158.9,155.0,156.14,313021
AURUM,2024-07-03 00:00:00+05:30,156.14,162.9,156.0,159.97,359141
AURUM,2024-07-04 00:00:00+05:30,159.94,162.89,156.1,158.0,100846
AURUM,2024-07-05 00:00:00+05:30,157.0,165.0,153.7,164.07,334594
AURUM,2024-07-08 00:00:00+05:30,165.0,169.59,162.0,163.5,218822
AURUM,2024-07-09 00:00:00+05:30,163.5,164.9,156.01,156.68,140295
AURUM,2024-07-10 00:00:00+05:30,157.44,159.95,152.5,155.05,102259
AURUM,2024-07-11 00:00:00+05:30,155.35,158.54,154.94,156.73,95158
AURUM,2024-07-12 00:00:00+05:30,157.5,159.6,155.0,155.4,45579
AURUM,2024-07-15 00:00:00+05:30,154.05,164.01,154.05,161.01,204341
AURUM,2024-07-16 00:00:00+05:30,161.5,161.8,158.0,160.1,56426
AURUM,2024-07-18 00:00:00+05:30,160.22,163.7,155.5,157.0,75146
AURUM,2024-07-19 00:00:00+05:30,155.99,161.29,152.0,154.06,81592
AURUM,2024-07-22 00:00:00+05:30,150.1,155.5,150.1,152.31,86454
AURUM,2024-07-23 00:00:00+05:30,153.0,153.9,148.96,150.17,127329
AURUM,2024-07-24 00:00:00+05:30,151.24,165.18,151.03,161.75,487241
AURUM,2024-07-25 00:00:00+05:30,161.2,173.4,159.31,171.55,469606
AURUM,2024-07-26 00:00:00+05:30,171.01,174.75,167.5,168.75,244137
AURUM,2024-07-29 00:00:00+05:30,170.0,174.0,167.31,168.53,96832
AURUM,2024-07-30 00:00:00+05:30,170.0,173.8,166.43,172.78,143521
AURUM,2024-07-31 00:00:00+05:30,173.9,174.9,169.0,169.23,60372
AURUM,2024-08-01 00:00:00+05:30,168.0,186.0,168.0,174.72,360094
AURUM,2024-08-02 00:00:00+05:30,174.72,192.19,171.0,186.99,1031625
AURUM,2024-08-05 00:00:00+05:30,187.0,198.0,180.0,195.96,1037384
AURUM,2024-08-06 00:00:00+05:30,199.0,214.7,186.35,193.05,940186
AURUM,2024-08-07 00:00:00+05:30,203.0,212.95,200.55,208.2,796447
AURUM,2024-08-08 00:00:00+05:30,208.2,210.79,194.0,197.63,320832
AURUM,2024-08-09 00:00:00+05:30,201.0,205.95,191.86,195.39,250726
AURUM,2024-08-12 00:00:00+05:30,191.93,198.0,191.1,196.4,127883
AURUM,2024-08-13 00:00:00+05:30,199.42,199.49,186.0,187.79,200401
AURUM,2024-08-14 00:00:00+05:30,190.6,215.9,189.58,210.03,853218
AURUM,2024-08-16 00:00:00+05:30,212.74,228.6,210.0,218.45,819786
AURUM,2024-08-19 00:00:00+05:30,221.5,239.88,218.81,236.19,854781
AURUM,2024-08-20 00:00:00+05:30,240.0,249.9,237.01,241.95,1741486
AURUM,2024-08-21 00:00:00+05:30,240.0,243.53,235.0,236.37,215878
AURUM,2024-08-22 00:00:00+05:30,237.3,237.5,224.55,224.55,138872
AURUM,2024-08-23 00:00:00+05:30,220.0,225.95,213.32,218.23,130404
AURUM,2024-08-26 00:00:00+05:30,224.75,226.8,218.0,222.94,106875
AURUM,2024-08-27 00:00:00+05:30,222.94,228.0,211.79,224.77,118274
AURUM,2024-08-28 00:00:00+05:30,224.49,224.77,214.0,216.69,77593
AURUM,2024-08-29 00:00:00+05:30,216.69,216.69,206.1,209.76,60092
AURUM,2024-08-30 00:00:00+05:30,208.0,215.0,208.0,212.28,33950
AURUM,2024-09-02 00:00:00+05:30,214.0,217.0,209.05,211.09,57358
AURUM,2024-09-03 00:00:00+05:30,212.97,220.0,208.09,218.92,114454
AURUM,2024-09-04 00:00:00+05:30,218.92,227.2,210.5,225.11,235415
AURUM,2024-09-05 00:00:00+05:30,222.0,231.8,218.0,229.21,72966
AURUM,2024-09-06 00:00:00+05:30,229.21,230.0,220.15,225.18,135384
AURUM,2024-09-09 00:00:00+05:30,222.0,224.9,216.75,219.97,37885
AURUM,2024-09-10 00:00:00+05:30,219.97,229.35,217.5,226.99,76644
AURUM,2024-09-11 00:00:00+05:30,230.0,230.0,218.4,223.45,82322
AURUM,2024-09-12 00:00:00+05:30,224.95,227.0,218.2,225.5,62676
AURUM,2024-09-13 00:00:00+05:30,225.85,230.0,221.0,222.27,44826
AURUM,2024-09-16 00:00:00+05:30,225.9,227.65,215.27,225.39,78961
AURUM,2024-09-17 00:00:00+05:30,225.0,226.5,220.0,222.64,61804
AURUM,2024-09-18 00:00:00+05:30,224.99,225.7,216.1,221.14,48412
AURUM,2024-09-19 00:00:00+05:30,222.0,222.0,212.4,213.66,29688
AURUM,2024-09-20 00:00:00+05:30,215.0,221.65,213.7,217.11,97542
AURUM,2024-09-23 00:00:00+05:30,219.9,221.9,215.05,219.94,61948
AURUM,2024-09-24 00:00:00+05:30,222.0,223.4,216.5,219.03,37329
AURUM,2024-09-25 00:00:00+05:30,217.0,222.0,212.55,219.49,71652
AURUM,2024-09-26 00:00:00+05:30,220.4,220.4,209.4,215.69,58070
AURUM,2024-09-27 00:00:00+05:30,217.7,226.0,211.0,223.84,124097
AURUM,2024-09-30 00:00:00+05:30,223.8,224.4,215.0,216.59,36893
AURUM,2024-10-01 00:00:00+05:30,219.95,219.95,212.0,213.93,21652
AURUM,2024-10-03 00:00:00+05:30,214.0,214.0,203.25,203.84,29469
AURUM,2024-10-04 00:00:00+05:30,202.4,206.0,193.64,193.93,72228
AURUM,2024-10-07 00:00:00+05:30,193.93,200.0,184.23,189.04,56726
AURUM,2024-10-08 00:00:00+05:30,189.99,197.0,186.3,195.83,61080
AURUM,2024-10-09 00:00:00+05:30,198.0,204.9,192.25,198.06,21816
AURUM,2024-10-10 00:00:00+05:30,199.0,207.0,195.8,206.1,28528
AURUM,2024-10-11 00:00:00+05:30,207.5,207.5,195.8,198.19,26229
AURUM,2024-10-14 00:00:00+05:30,198.99,203.99,194.0,200.7,36431
AURUM,2024-10-15 00:00:00+05:30,200.7,203.99,194.5,201.06,21037
AURUM,2024-10-16 00:00:00+05:30,201.06,208.0,197.85,206.66,28392
AURUM,2024-10-17 00:00:00+05:30,207.4,209.0,196.32,196.86,34924
AURUM,2024-10-18 00:00:00+05:30,196.0,203.9,192.0,195.21,69727
AURUM,2024-10-21 00:00:00+05:30,199.15,202.89,192.65,193.94,29468
AURUM,2024-10-22 00:00:00+05:30,189.9,193.15,184.24,184.41,60620
AURUM,2024-10-23 00:00:00+05:30,192.0,193.63,184.5,193.63,50006
AURUM,2024-10-24 00:00:00+05:30,198.85,199.0,186.05,192.21,15462
AURUM,2024-10-25 00:00:00+05:30,191.99,199.0,183.7,196.57,70905
AURUM,2024-10-28 00:00:00+05:30,191.0,199.0,190.0,190.71,31395
AURUM,2024-10-29 00:00:00+05:30,197.0,200.24,190.9,199.15,20136
AURUM,2024-10-30 00:00:00+05:30,199.15,202.9,196.0,200.25,31365
AURUM,2024-10-31 00:00:00+05:30,200.0,204.0,196.0,199.29,19975
AURUM,2024-11-01 00:00:00+05:30,209.25,209.25,205.0,209.25,51125
AURUM,2024-11-04 00:00:00+05:30,210.4,218.8,200.0,216.11,62844
AURUM,2024-11-05 00:00:00+05:30,218.4,226.91,216.0,226.91,104559
AURUM,2024-11-06 00:00:00+05:30,230.0,237.0,221.55,228.94,101917
AURUM,2024-11-07 00:00:00+05:30,230.5,233.0,230.0,233.0,142652
AURUM,2024-11-08 00:00:00+05:30,233.0,237.66,233.0,235.0,252559
AURUM,2024-11-11 00:00:00+05:30,234.8,235.0,230.35,234.0,41861
AURUM,2024-11-12 00:00:00+05:30,232.0,232.0,229.32,229.32,6219
AURUM,2024-11-13 00:00:00+05:30,224.73,224.73,224.73,224.73,14464
AURUM,2024-11-14 00:00:00+05:30,224.0,224.0,220.23,220.23,4238
AURUM,2024-11-18 00:00:00+05:30,215.82,215.82,215.82,215.82,10042
AURUM,2024-11-19 00:00:00+05:30,211.5,212.25,211.5,211.5,41374
AURUM,2024-11-21 00:00:00+05:30,207.3,207.3,207.27,207.27,8366
AURUM,2024-11-22 00:00:00+05:30,206.0,209.5,203.12,209.5,27316
AURUM,2024-11-25 00:00:00+05:30,209.0,209.0,208.0,209.0,30972
AURUM,2024-11-26 00:00:00+05:30,213.18,213.18,213.18,213.18,13428
AURUM,2024-11-27 00:00:00+05:30,213.18,213.5,212.85,212.85,21442
AURUM,2024-11-28 00:00:00+05:30,214.0,214.0,212.0,212.0,20591
AURUM,2024-11-29 00:00:00+05:30,211.99,216.24,211.99,216.24,21223
AURUM,2024-12-02 00:00:00+05:30,215.5,220.0,214.95,220.0,133940
AURUM,2024-12-03 00:00:00+05:30,220.1,220.1,216.02,216.02,23444
AURUM,2024-12-04 00:00:00+05:30,215.0,215.0,211.69,212.0,24193
AURUM,2024-12-05 00:00:00+05:30,208.2,216.0,208.2,216.0,17355
AURUM,2024-12-06 00:00:00+05:30,217.0,220.0,217.0,220.0,10350
AURUM,2024-12-09 00:00:00+05:30,224.0,224.0,221.15,223.0,24153
AURUM,2024-12-10 00:00:00+05:30,223.99,223.99,219.05,219.05,11588
AURUM,2024-12-11 00:00:00+05:30,218.01,218.01,217.9,218.0,9633
AURUM,2024-12-12 00:00:00+05:30,218.0,218.0,215.0,215.0,11062
AURUM,2024-12-13 00:00:00+05:30,215.0,219.3,212.32,219.3,23744
AURUM,2024-12-16 00:00:00+05:30,213.0,230.26,213.0,230.16,93061
AURUM,2024-12-17 00:00:00+05:30,234.98,237.99,226.0,231.53,32758
AURUM,2024-12-18 00:00:00+05:30,225.01,233.98,225.01,227.88,13973
AURUM,2024-12-19 00:00:00+05:30,226.95,226.95,218.6,223.8,35564
AURUM,2024-12-20 00:00:00+05:30,224.8,224.95,215.0,220.2,35692
AURUM,2024-12-23 00:00:00+05:30,224.0,224.0,215.01,218.52,5825
AURUM,2024-12-24 00:00:00+05:30,216.1,221.0,214.4,218.72,14227
AURUM,2024-12-26 00:00:00+05:30,217.0,219.4,217.0,217.66,13858
AURUM,2024-12-27 00:00:00+05:30,223.5,227.0,216.1,224.68,38007
AURUM,2024-12-30 00:00:00+05:30,230.0,233.38,216.85,223.45,98520
AURUM,2024-12-31 00:00:00+05:30,219.04,241.5,219.0,236.96,174319
AURUM,2025-01-01 00:00:00+05:30,235.4,255.0,230.0,251.38,347446
AURUM,2025-01-02 00:00:00+05:30,251.52,264.8,251.52,260.07,301417
AURUM,2025-01-03 00:00:00+05:30,259.45,263.0,254.03,260.7,118933
AURUM,2025-01-06 00:00:00+05:30,260.7,260.7,234.45,241.6,156031
AURUM,2025-01-07 00:00:00+05:30,241.6,257.31,241.38,254.6,111260
AURUM,2025-01-08 00:00:00+05:30,250.8,259.95,243.93,257.93,83978
AURUM,2025-01-09 00:00:00+05:30,254.05,260.0,252.0,256.09,66598
AURUM,2025-01-10 00:00:00+05:30,257.0,257.0,234.92,248.1,114532
AURUM,2025-01-13 00:00:00+05:30,247.8,247.8,226.21,233.85,92998
AURUM,2025-01-14 00:00:00+05:30,234.86,239.0,226.0,235.32,25023
AURUM,2025-01-15 00:00:00+05:30,235.33,238.79,230.15,232.02,16921
AURUM,2025-01-16 00:00:00+05:30,234.13,244.89,230.05,234.23,20252
AURUM,2025-01-17 00:00:00+05:30,237.75,243.86,232.51,238.01,60754
AURUM,2025-01-20 00:00:00+05:30,237.0,244.0,234.99,239.93,46045
AURUM,2025-01-21 00:00:00+05:30,245.04,253.7,238.08,243.09,108632
AURUM,2025-01-22 00:00:00+05:30,241.65,241.65,225.62,227.96,87376
AURUM,2025-01-23 00:00:00+05:30,228.0,236.5,227.99,231.82,64993
AURUM,2025-01-24 00:00:00+05:30,230.7,233.99,220.52,226.78,51473
AURUM,2025-01-27 00:00:00+05:30,226.78,229.16,208.08,223.03,104019
AURUM,2025-01-28 00:00:00+05:30,222.0,223.15,208.0,210.4,70995
AURUM,2025-01-29 00:00:00+05:30,215.18,229.0,215.17,223.29,157957
AURUM,2025-01-30 00:00:00+05:30,219.95,229.0,212.2,214.59,56016
AURUM,2025-01-31 00:00:00+05:30,217.78,218.77,211.08,212.8,28927
AURUM,2025-02-01 00:00:00+05:30,220.27,220.27,207.98,209.85,33665
AURUM,2025-02-03 00:00:00+05:30,209.65,210.94,205.0,209.41,19032
AURUM,2025-02-04 00:00:00+05:30,209.65,214.7,209.65,212.99,14380
AURUM,2025-02-05 00:00:00+05:30,215.0,217.48,208.91,210.33,32235
AURUM,2025-02-06 00:00:00+05:30,214.73,214.89,187.35,191.45,242275
AURUM,2025-02-07 00:00:00+05:30,194.7,208.95,194.7,197.44,237609
AURUM,2025-02-10 00:00:00+05:30,196.25,202.9,195.8,200.83,50542
AURUM,2025-02-11 00:00:00+05:30,200.2,200.2,183.2,185.63,71998
AURUM,2025-02-12 00:00:00+05:30,188.39,188.39,173.4,176.44,123170
AURUM,2025-02-13 00:00:00+05:30,177.35,188.79,173.4,183.54,68825
AURUM,2025-02-14 00:00:00+05:30,183.95,183.95,172.0,175.1,59563
AURUM,2025-02-17 00:00:00+05:30,172.89,175.01,167.45,173.05,53035
AURUM,2025-02-18 00:00:00+05:30,173.95,174.75,166.51,169.04,23651
AURUM,2025-02-19 00:00:00+05:30,167.0,180.01,167.0,177.51,50603
AURUM,2025-02-20 00:00:00+05:30,178.0,183.6,174.22,175.6,49655
AURUM,2025-02-21 00:00:00+05:30,176.15,180.51,171.15,172.47,23466
AURUM,2025-02-24 00:00:00+05:30,171.16,171.88,167.12,168.12,18288
AURUM,2025-02-25 00:00:00+05:30,170.0,171.17,167.58,170.21,21143
AURUM,2025-02-27 00:00:00+05:30,167.5,170.98,167.41,169.91,44440
AURUM,2025-02-28 00:00:00+05:30,165.0,171.3,162.0,169.97,44621
AURUM,2025-03-03 00:00:00+05:30,167.4,168.81,156.15,161.91,51881
AURUM,2025-03-04 00:00:00+05:30,161.91,174.4,160.49,172.18,29232
AURUM,2025-03-05 00:00:00+05:30,174.4,188.49,162.22,185.53,83844
AURUM,2025-03-06 00:00:00+05:30,185.2,196.57,185.2,194.89,56905
AURUM,2025-03-07 00:00:00+05:30,199.0,199.0,183.56,184.77,40912
AURUM,2025-03-10 00:00:00+05:30,181.0,189.8,177.0,181.66,32754
AURUM,2025-03-11 00:00:00+05:30,180.0,180.0,171.0,178.66,43179
AURUM,2025-03-12 00:00:00+05:30,176.0,187.98,176.0,181.18,31531
AURUM,2025-03-13 00:00:00+05:30,178.9,185.39,171.01,171.74,92536
AURUM,2025-03-17 00:00:00+05:30,172.0,175.9,160.3,162.55,54933
AURUM,2025-03-18 00:00:00+05:30,163.75,171.57,162.92,167.12,38729
AURUM,2025-03-19 00:00:00+05:30,168.49,175.83,165.67,172.62,25651
AURUM,2025-03-20 00:00:00+05:30,177.7,180.42,172.55,172.96,42137
AURUM,2025-03-21 00:00:00+05:30,172.0,181.0,171.21,173.31,31707
AURUM,2025-03-24 00:00:00+05:30,172.02,180.0,172.02,176.12,40445
AURUM,2025-03-25 00:00:00+05:30,177.04,177.18,166.15,166.64,71056
AURUM,2025-03-26 00:00:00+05:30,167.8,169.1,165.1,165.89,39560
AURUM,2025-03-27 00:00:00+05:30,168.0,168.0,162.0,163.24,44771
AURUM,2025-03-28 00:00:00+05:30,164.78,167.34,160.57,163.07,53191
AURUM,2025-04-01 00:00:00+05:30,166.36,166.79,161.67,164.52,33649
AURUM,2025-04-02 00:00:00+05:30,162.0,167.93,162.0,165.47,7664
AURUM,2025-04-03 00:00:00+05:30,165.53,167.97,163.04,165.48,14419
AURUM,2025-04-04 00:00:00+05:30,165.48,170.01,160.4,161.04,24406
AURUM,2025-04-07 00:00:00+05:30,146.4,157.81,144.4,152.09,67093
AURUM,2025-04-08 00:00:00+05:30,155.4,169.39,155.4,166.52,42189
AURUM,2025-04-09 00:00:00+05:30,166.52,177.0,164.0,169.79,36957
AURUM,2025-04-11 00:00:00+05:30,171.51,180.01,171.51,175.09,47429
AURUM,2025-04-15 00:00:00+05:30,179.9,179.9,174.62,176.6,23712
AURUM,2025-04-16 00:00:00+05:30,177.12,177.78,171.21,174.52,17729
AURUM,2025-04-17 00:00:00+05:30,175.9,175.9,171.02,172.07,13753
AURUM,2025-04-21 00:00:00+05:30,176.35,176.35,170.0,173.67,21426
AURUM,2025-04-22 00:00:00+05:30,171.1,186.05,171.1,183.05,87573
AURUM,2025-04-23 00:00:00+05:30,186.3,186.99,180.03,185.12,37833
AURUM,2025-04-24 00:00:00+05:30,185.12,191.2,182.71,187.88,27480
AURUM,2025-04-25 00:00:00+05:30,189.0,192.0,175.81,177.55,42888
AURUM,2025-04-28 00:00:00+05:30,177.0,181.9,165.15,178.3,53949
AURUM,2025-04-29 00:00:00+05:30,175.6,180.85,175.0,179.34,25646
AURUM,2025-04-30 00:00:00+05:30,178.6,182.18,171.0,173.13,14449
AURUM,2025-05-02 00:00:00+05:30,170.25,181.8,170.01,177.15,61919
AURUM,2025-05-05 00:00:00+05:30,181.8,181.8,175.11,178.04,15612
AURUM,2025-05-06 00:00:00+05:30,175.1,179.29,172.1,173.58,16558
AURUM,2025-05-07 00:00:00+05:30,177.8,177.8,167.75,168.82,38207
AURUM,2025-05-08 00:00:00+05:30,167.33,172.91,164.2,166.18,24968
AURUM,2025-05-09 00:00:00+05:30,157.2,177.49,157.2,175.45,49394
AURUM,2025-05-12 00:00:00+05:30,180.3,188.01,175.0,176.23,85457
AURUM,2025-05-13 00:00:00+05:30,179.0,183.0,176.08,182.09,26031
AURUM,2025-05-14 00:00:00+05:30,182.09,184.93,177.36,181.02,14647
AURUM,2025-05-15 00:00:00+05:30,183.7,190.32,182.21,186.0,74863
AURUM,2025-05-16 00:00:00+05:30,186.0,196.79,184.9,193.97,60586
AURUM,2025-05-19 00:00:00+05:30,196.4,196.4,190.02,193.23,31016
AURUM,2025-05-20 00:00:00+05:30,190.36,196.0,188.29,189.21,52092
AURUM,2025-05-21 00:00:00+05:30,188.0,196.0,185.58,192.94,44340
AURUM,2025-05-22 00:00:00+05:30,191.5,191.5,183.25,186.14,45786
AURUM,2025-05-23 00:00:00+05:30,183.35,190.01,182.35,186.51,26675
AURUM,2025-05-26 00:00:00+05:30,186.3,189.99,183.63,186.04,30168
AURUM,2025-05-27 00:00:00+05:30,189.24,212.0,187.22,202.85,437310
AURUM,2025-05-28 00:00:00+05:30,203.8,209.4,195.15,198.19,122947
AURUM,2025-05-29 00:00:00+05:30,198.19,206.0,195.42,198.6,80181
AURUM,2025-05-30 00:00:00+05:30,201.8,207.0,198.03,201.61,188040
AURUM,2025-06-02 00:00:00+05:30,203.0,204.7,198.4,199.35,33977
AURUM,2025-06-03 00:00:00+05:30,201.35,202.2,196.2,198.14,40067
AURUM,2025-06-04 00:00:00+05:30,199.95,203.0,195.2,196.21,69611
AURUM,2025-06-05 00:00:00+05:30,197.48,203.0,193.33,199.34,69536
AURUM,2025-06-06 00:00:00+05:30,200.84,201.0,192.06,193.85,52881
AURUM,2025-06-09 00:00:00+05:30,196.75,199.75,192.37,195.54,67198
AURUM,2025-06-10 00:00:00+05:30,195.0,221.39,195.0,212.62,901437
AURUM,2025-06-11 00:00:00+05:30,213.69,217.95,211.1,212.57,210374
AURUM,2025-06-12 00:00:00+05:30,210.61,216.0,207.0,209.98,111616
AURUM,2025-06-13 00:00:00+05:30,207.0,215.75,202.99,212.16,128144
AURUM,2025-06-16 00:00:00+05:30,212.16,214.2,208.51,211.29,76375
AURUM,2025-06-17 00:00:00+05:30,209.5,213.25,207.4,208.63,48976
AURUM,2025-06-18 00:00:00+05:30,210.7,211.8,205.0,205.52,45533
AURUM,2025-06-19 00:00:00+05:30,205.01,209.99,193.21,195.79,223496
AURUM,2025-06-20 00:00:00+05:30,197.4,201.29,193.0,193.92,112426
AURUM,2025-06-23 00:00:00+05:30,192.4,199.44,192.4,193.39,69781
AURUM,2025-06-24 00:00:00+05:30,196.0,205.12,195.25,196.98,100763
AURUM,2025-06-25 00:00:00+05:30,199.15,200.35,195.83,198.85,129150
AURUM,2025-06-26 00:00:00+05:30,198.85,199.13,193.5,195.03,67828
AURUM,2025-06-27 00:00:00+05:30,196.11,200.92,195.0,199.38,120736
AURUM,2025-06-30 00:00:00+05:30,200.0,200.05,196.4,198.96,72487
AURUM,2025-07-01 00:00:00+05:30,196.95,199.59,196.1,196.86,25365
AURUM,2025-07-02 00:00:00+05:30,198.34,200.44,194.14,197.53,29289
AURUM,2025-07-03 00:00:00+05:30,199.5,201.99,194.36,196.5,32528
AURUM,2025-07-04 00:00:00+05:30,198.0,198.31,191.4,194.22,23466
AURUM,2025-07-07 00:00:00+05:30,193.4,199.0,193.0,195.12,35066
AURUM,2025-07-08 00:00:00+05:30,195.12,197.95,190.5,192.16,54434
AURUM,2025-07-09 00:00:00+05:30,192.99,194.25,190.1,191.43,21249
AURUM,2025-07-10 00:00:00+05:30,192.2,195.09,191.5,192.72,19351
AURUM,2025-07-11 00:00:00+05:30,200.0,200.0,191.2,191.61,29655
AURUM,2025-07-14 00:00:00+05:30,191.21,194.54,187.66,189.53,41249
AURUM,2025-07-15 00:00:00+05:30,188.4,194.9,187.4,188.38,44268
AURUM,2025-07-16 00:00:00+05:30,189.76,192.3,188.9,191.45,38388
AURUM,2025-07-17 00:00:00+05:30,191.45,192.27,188.8,190.61,23550
AURUM,2025-07-18 00:00:00+05:30,194.99,201.84,189.26,198.55,290535
AURUM,2025-07-21 00:00:00+05:30,202.99,221.0,196.4,215.9,1037408
AURUM,2025-07-22 00:00:00+05:30,217.0,224.8,216.0,218.16,654646
AURUM,2025-07-23 00:00:00+05:30,218.2,225.7,199.59,206.97,809458
AURUM,2025-07-24 00:00:00+05:30,209.66,213.12,198.5,199.83,406769
AURUM,2025-07-25 00:00:00+05:30,201.42,201.42,193.7,195.87,85561
AURUM,2025-07-28 00:00:00+05:30,194.4,198.59,190.0,191.1,123319
AURUM,2025-07-29 00:00:00+05:30,191.1,194.2,188.4,189.23,70454
AURUM,2025-07-30 00:00:00+05:30,190.0,198.0,189.92,196.35,71376
AURUM,2025-07-31 00:00:00+05:30,193.41,199.9,191.15,193.87,123245
AURUM,2025-08-01 00:00:00+05:30,193.87,197.75,190.86,191.85,119347
AURUM,2025-08-04 00:00:00+05:30,193.75,197.9,185.0,186.78,186395
AURUM,2025-08-05 00:00:00+05:30,188.4,192.67,185.26,186.74,136075
AURUM,2025-08-06 00:00:00+05:30,190.0,190.01,182.4,183.7,120052
AURUM,2025-08-07 00:00:00+05:30,180.6,186.26,180.6,183.43,62827
AURUM,2025-08-08 00:00:00+05:30,187.0,187.0,182.0,182.19,23536
AURUM,2025-08-11 00:00:00+05:30,180.01,183.95,177.5,179.23,98363
AURUM,2025-08-12 00:00:00+05:30,179.55,182.88,179.48,180.24,20635
AURUM,2025-08-13 00:00:00+05:30,178.2,181.99,174.4,177.52,65805
AURUM,2025-08-14 00:00:00+05:30,176.4,182.08,174.25,174.88,59178
AURUM,2025-08-18 00:00:00+05:30,174.88,179.78,174.88,177.96,27608
AURUM,2025-08-19 00:00:00+05:30,179.8,180.9,177.0,177.44,44475
AURUM,2025-08-20 00:00:00+05:30,179.19,180.0,175.0,177.13,51376
AURUM,2025-08-21 00:00:00+05:30,176.5,180.6,176.4,176.7,38598
AURUM,2025-08-22 00:00:00+05:30,177.11,179.99,176.5,177.32,18892
AURUM,2025-08-25 00:00:00+05:30,177.12,178.64,173.1,174.13,44489
AURUM,2025-08-26 00:00:00+05:30,174.4,175.19,170.2,170.76,32732
AURUM,2025-08-28 00:00:00+05:30,170.55,176.09,167.07,167.81,41412
AURUM,2025-08-29 00:00:00+05:30,167.0,171.1,164.4,165.27,28388
AURUM,2025-09-01 00:00:00+05:30,165.0,169.89,164.41,166.46,36070
AURUM,2025-09-02 00:00:00+05:30,169.9,191.5,167.84,176.43,477592
AURUM,2025-09-03 00:00:00+05:30,174.25,188.0,173.3,179.91,150138
AURUM,2025-09-04 00:00:00+05:30,178.5,181.29,173.85,175.09,31451
AURUM,2025-09-05 00:00:00+05:30,178.6,183.0,173.1,174.45,31548
AURUM,2025-09-08 00:00:00+05:30,181.0,181.0,175.99,176.69,41239
AURUM,2025-09-09 00:00:00+05:30,179.35,179.39,172.2,173.39,42702
AURUM,2025-09-10 00:00:00+05:30,174.0,179.0,170.9,171.23,63404
AURUM,2025-09-11 00:00:00+05:30,172.25,178.68,170.4,172.66,56656
AURUM,2025-09-12 00:00:00+05:30,173.18,176.99,170.0,170.93,53142
AURUM,2025-09-15 00:00:00+05:30,170.93,175.9,170.83,171.31,35993
AURUM,2025-09-16 00:00:00+05:30,172.28,174.9,170.05,170.61,39324
AURUM,2025-09-17 00:00:00+05:30,172.0,177.37,171.06,171.95,64439
AURUM,2025-09-18 00:00:00+05:30,173.64,175.9,169.0,170.09,71488
AURUM,2025-09-19 00:00:00+05:30,171.04,172.87,167.5,168.32,80189
AURUM,2025-09-22 00:00:00+05:30,169.16,174.31,168.25,168.66,43656
AURUM,2025-09-23 00:00:00+05:30,169.33,170.92,165.0,166.27,60775
AURUM,2025-09-24 00:00:00+05:30,167.1,169.5,164.5,165.02,40362
AURUM,2025-09-25 00:00:00+05:30,165.68,167.9,159.85,160.47,76376
AURUM,2025-09-26 00:00:00+05:30,162.05,184.5,161.41,171.11,12745548
AURUM,2025-09-29 00:00:00+05:30,178.81,186.4,169.0,170.92,1636701
AURUM,2025-09-30 00:00:00+05:30,172.29,173.0,167.51,169.57,169207
AURUM,2025-10-01 00:00:00+05:30,171.1,173.9,167.44,172.04,171039
AURUM,2025-10-03 00:00:00+05:30,172.04,173.23,166.25,168.54,130499
AURUM,2025-10-06 00:00:00+05:30,168.55,180.99,166.81,171.15,295414
AURUM,2025-10-07 00:00:00+05:30,172.0,172.55,168.0,168.7,34558
AURUM,2025-10-08 00:00:00+05:30,168.7,170.76,164.73,165.91,51500
AURUM,2025-10-09 00:00:00+05:30,166.99,168.5,163.55,165.25,52599
AURUM,2025-10-10 00:00:00+05:30,165.25,168.44,165.01,167.08,33899
AURUM,2025-10-13 00:00:00+05:30,167.08,170.0,166.14,167.39,65400
AURUM,2025-10-14 00:00:00+05:30,168.34,168.86,164.0,165.41,72291
AURUM,2025-10-15 00:00:00+05:30,166.23,167.86,162.0,165.9,65995
AURUM,2025-10-16 00:00:00+05:30,165.9,179.95,165.85,177.9,703894
AURUM,2025-10-17 00:00:00+05:30,182.0,183.0,175.05,179.46,346249
AURUM,2025-10-20 00:00:00+05:30,179.48,183.4,175.5,181.48,140481
AURUM,2025-10-21 00:00:00+05:30,179.0,183.49,176.5,180.54,56495
AURUM,2025-10-23 00:00:00+05:30,180.54,181.21,173.0,175.05,45654
AURUM,2025-10-24 00:00:00+05:30,176.0,179.35,171.05,176.04,196004
AURUM,2025-10-27 00:00:00+05:30,174.61,176.26,171.07,172.2,46353
AURUM,2025-10-28 00:00:00+05:30,172.55,173.22,170.1,171.05,37996
AURUM,2025-10-29 00:00:00+05:30,170.5,172.49,170.36,170.94,28788
AURUM,2025-10-30 00:00:00+05:30,170.99,176.8,170.96,175.63,51131
AURUM,2025-10-31 00:00:00+05:30,175.63,176.19,171.0,171.52,40137
AURUM,2025-11-03 00:00:00+05:30,168.4,174.37,166.93,172.24,72364
AURUM,2025-11-04 00:00:00+05:30,175.0,175.0,171.5,171.91,33663
AURUM,2025-11-06 00:00:00+05:30,172.01,173.89,171.0,171.89,46866
AURUM,2025-11-07 00:00:00+05:30,171.0,172.35,169.06,170.23,51198
AURUM,2025-11-10 00:00:00+05:30,168.51,171.0,167.0,167.4,22277
AURUM,2025-11-11 00:00:00+05:30,169.08,172.0,166.0,167.4,74765
AURUM,2025-11-12 00:00:00+05:30,167.6,171.88,167.02,168.57,49604
AURUM,2025-11-13 00:00:00+05:30,167.5,170.25,165.92,167.52,44609
AURUM,2025-11-14 00:00:00+05:30,165.6,168.59,165.6,167.27,11993
AURUM,2025-11-17 00:00:00+05:30,167.79,168.98,164.4,164.93,32204
AURUM,2025-11-18 00:00:00+05:30,164.93,166.39,159.99,161.78,64965
AURUM,2025-11-19 00:00:00+05:30,164.79,168.3,158.81,166.32,63047
AURUM,2025-11-20 00:00:00+05:30,166.8,167.15,163.36,163.71,19189
AURUM,2025-11-21 00:00:00+05:30,161.25,165.1,161.25,162.73,40268
AURUM,2025-11-24 00:00:00+05:30,162.0,165.22,161.0,163.33,31976
AURUM,2025-11-25 00:00:00+05:30,163.33,163.51,161.6,161.93,27911
AURUM,2025-11-26 00:00:00+05:30,167.59,167.59,161.05,161.99,49537
AURUM,2025-11-27 00:00:00+05:30,162.1,172.0,157.6,167.19,123074
AURUM,2025-11-28 00:00:00+05:30,169.5,169.5,163.5,166.94,100918
AURUM,2025-12-01 00:00:00+05:30,166.1,169.02,164.06,165.64,96652
